;Response Time;Availability;Reliability;Service Name
0;302.75;89;73;MAPPMatching
1;482.0;85;73;Compound2
2;3321.4;89;73;USDAData
3;126.17;98;67;GBNIRHolidayDates
4;107.0;87;73;CasUsers
5;107.57;80;67;interop2
6;255.0;98;67;ehmmpfamService
7;136.71;76;60;WSDBFetchServerLegacyService
8;102.62;91;67;DOTSPackageTracking
9;93.37;96;67;CommandService
10;133.0;86;73;GoogleSearchService
11;221.48;90;53;AnalysisWSAppLabImplService
12;114.0;86;73;FpMLValidation
13;269.83;85;53;AnalysisWSAppLabImplService
14;134.07;84;60;DiscoveryService
15;67.5;86;73;check
16;131.57;80;53;Interop
17;213.2;88;73;antigenicService
18;1360.0;83;83;UpdatesService
19;108.0;86;73;DOTSFraudProtectionLite
20;50.0;72;73;XarayaSoap
21;1069.5;71;83;Mapping
22;132.0;83;73;BlogReaderService
23;265.09;94;73;SkyNodeWS
24;124.17;94;73;XFormWebService
25;408.21;56;73;Settings
26;259.0;97;58;freakService
27;408.0;83;83;VersionService
28;173.0;46;78;Personne
29;320.48;86;53;AnalysisWSAppLabImplService
30;128.31;91;67;GBEAWHolidayDates
31;149.67;89;73;Tax
32;672.2;91;73;infoalignService
33;59.58;77;67;AWSECommerceService
34;499.0;83;83;ippcService
35;1334.0;100;73;GetEntertainmentListingsService
36;229.75;86;73;CEqImageSecure
37;266.83;36;60;BINDService
38;49.43;42;73;cweather
39;64.96;18;60;AmazonSearchService
40;106.75;90;73;ArticlesSecure
41;580.5;72;67;ndfdXML
42;205.0;73;58;Izracun
43;294.5;87;73;IT_x0040_Service_x0020_Webservices
44;113.25;88;53;MorphingLabs
45;68.91;19;60;AmazonSearchService
46;184.67;73;73;CSearch
47;131.25;70;73;MathService
48;142.5;93;73;ClientService
49;141.77;56;67;AddressLookup
50;269.09;85;53;AnalysisWSAppLabImplService
51;227.0;88;73;SendWM2Mail
52;511.25;77;73;Conversor
53;173.0;67;73;MESAClaimsService
54;645.0;86;73;PluralsightWeather
55;300.12;90;67;erez3
56;1035.0;71;73;PathFinderService
57;515.2;86;73;showalignService
58;430.5;40;73;NewsServices
59;205.33;90;60;CurrencyRates
60;262.5;92;60;DNS
61;451.0;23;42;NamebankServiceService
62;207.0;86;73;XmlHttpCheck
63;115.0;72;83;ValidateService
64;184.0;100;80;elewebdir
65;119.33;86;73;WebSitePulseService
66;166.67;75;67;MoneyCentralRemote
67;241.5;78;67;AMIWebServiceService
68;301.8;98;73;cuspService
69;300.6;100;67;vrnaduplexService
70;227.6;86;73;distmatService
71;617.67;88;73;ViewCountService
72;151.33;97;73;GoogleSearchService
73;115.0;83;83;EmptySA
74;42.5;72;73;XarayaSoap
75;179.0;85;60;BusinessOrGovernmentalLookup
76;179.29;87;60;CurriculumOnlineProviderService
77;3610.2;96;67;USDAData
78;123.0;96;83;UniquesubsService
79;198.5;72;83;SerClsPeticionSOAPTPVPCservice
80;265.4;99;67;etandemService
81;130.33;63;73;NewsReaderService
82;100.0;94;73;HelloWorld
83;196.0;69;73;Palio_x0020_di_x0020_Siena
84;47.27;61;67;AmazonSearchService
85;431.33;85;67;ChartReq
86;43.0;47;80;MessengerServiceAPI
87;215.6;91;73;showorfService
88;271.0;63;67;AddressManager
89;215.5;95;78;interopLab
90;107.0;83;73;AreaService
91;122.0;90;73;UPSRates
92;307.75;71;73;MathService
93;498.5;91;60;grtnwsSOAP
94;283.74;86;53;AnalysisWSAppLabImplService
95;136.94;26;67;interop
96;210.0;89;73;extractfeatService
97;91.8;97;73;SendCustomForm
98;1314.75;78;73;WSTCoffeeService
99;334.71;43;73;ESVService
100;146.08;57;53;MessageGroupService
101;266.92;72;80;processParticipant
102;305.4;93;73;sixpackService
103;2561.33;87;67;CashFlowPresentValues
104;388.5;73;58;ETP
105;239.33;88;83;EdmServiceService
106;154.0;90;73;SOAPSend
107;297.38;71;73;AccountServiceNoHeader
108;542.87;26;53;ReviewRequestManager
109;83.33;39;80;replicaCatalogService
110;332.25;78;73;OECD.Stat_x0020_SDMX_x0020_web_x0020_service
111;239.22;85;53;AnalysisWSAppLabImplService
112;401.62;86;60;XigniteExchanges
113;114.0;86;73;Service1
114;320.4;89;73;coderetService
115;223.0;91;73;acdtableService
116;2123.0;100;73;Service1
117;240.6;86;73;recoderService
118;532.75;78;67;AMIWebServiceService
119;290.3;86;53;AnalysisWSAppLabImplService
120;233.2;97;73;newcpgseekService
121;109.6;99;73;NewsNArticles
122;1021.5;65;73;RecommendationService
123;197.0;95;58;tcodeService
124;333.0;83;83;BankValSOAP
125;496.43;48;67;PoiManager
126;239.05;97;67;StreamContentService
127;2440.33;71;67;GeocoderService
128;203.0;57;67;AddressFinder
129;261.0;36;60;BINDService
130;148.56;99;73;BtblastService
131;311.25;56;83;OMIM
132;115.0;83;73;AreaService
133;180.0;95;73;LetterSoup
134;4207.5;92;80;WSDLInteropTestDocLitService
135;136.71;90;60;XigniteRegistration
136;293.5;70;73;SendContentServiceNoHeader
137;162.25;78;73;HolaMundoWebS
138;689.42;34;67;Report
139;120.0;87;67;interopLabEchoHeader
140;490.5;89;73;PeopleWS
141;1041.0;83;73;Presidential Election Results 2004
142;335.5;78;73;ContainerTrackingWebService
143;383.2;98;73;redataService
144;510.0;100;73;XCShopService
145;316.07;32;60;MapImage
146;270.5;95;78;SOAPFaultService
147;464.62;40;78;ThaiSQL
148;250.4;93;50;pepnetService
149;411.83;85;53;AnalysisWSAppLabImplService
150;171.0;83;80;SearchCuroCustomerService
151;115.0;96;73;Compound2
152;389.0;84;67;PhoneService
153;724.82;99;60;SmsGatewayService
154;104.5;85;73;UserService
155;292.0;83;58;SurchargeRegisterService
156;144.5;96;67;RouteCalculationService
157;193.6;67;73;NWs
158;1423.5;47;78;ISMSServiceservice
159;42.5;72;73;XarayaSoap
160;570.5;99;67;Compound1
161;500.71;92;67;MFundsService
162;136.0;83;83;EmailValidation
163;324.0;86;73;DownloadService
164;1316.17;75;73;WSEmbossService
165;284.65;86;53;AnalysisWSAppLabImplService
166;3484.0;87;73;OddFactWebService
167;119.0;61;53;Interop
168;113.75;100;73;Sample
169;63.8;99;73;DataEnhancement
170;180.0;83;73;eFetchService
171;1296.0;86;73;Phonebook
172;352.0;98;58;AdminService
173;125.0;100;67;CPP_Status_Request
174;1987.0;56;60;DatasetBrowser
175;724.0;85;50;TransportService
176;585.5;97;60;ResidentialLookup
177;470.0;99;60;ZacksConsensus
178;227.0;92;58;plotorfService
179;252.35;85;53;AnalysisWSGowlabImplService
180;551.79;80;53;Interop
181;58.0;95;73;search
182;718.0;86;67;VSOiService
183;67.25;56;78;WMLP
184;130.14;88;80;ShoppingCartTest
185;204.6;96;58;findkmService
186;339.0;87;67;TRMDemoBPService
187;305.8;88;58;dotmatcherService
188;56.0;97;73;BookInfoService
189;100.0;99;73;WHOIS
190;789.8;98;73;Servicio_C_de_Calidad
191;324.67;97;80;captchaWebService
192;149.67;86;73;LookingForStrategyServices
193;417.0;86;73;NewsWebSvc
194;60.05;77;67;AWSECommerceService
195;143.33;88;73;RouteFinder
196;501.79;28;73;JanusSvc
197;274.52;86;53;AnalysisWSAppLabImplService
198;116.0;89;67;WSDLInteropTestRpcEncService
199;667.11;38;73;SPRACI
200;163.0;91;73;SignatureVerification
201;146.5;90;73;SynonymsService
202;127.0;90;67;Compound1
203;134.08;97;73;NSVMCachingAPI
204;597.5;98;60;PhoneValidator
205;182.33;100;73;PolicyDocuments
206;121.67;99;73;TravelCodesTranslator
207;219.2;85;58;hmomentService
208;175.0;92;73;LVISWebService
209;135.67;93;58;DimeInterop
210;334.0;92;67;fdnadistService
211;51.5;100;73;MedicareData
212;207.2;85;73;btwistedService
213;4480.8;52;50;LocalSearchSrvService
214;154.0;71;73;retsinfoService
215;123.92;97;73;EditService
216;669.1;56;60;premiumuser package
217;243.0;98;73;eSynapsFeed
218;126.67;94;73;BagsOnNet
219;114.5;95;67;XigniteNews
220;65.4;92;67;AWSECommerceService
221;196.0;88;73;sample
222;148.95;89;67;EcMSoapBridgeService
223;166.63;99;67;HR-XML_x0020_Validation_x0020__x0028_2006-02_x0020_release_x0029_
224;306.8;90;73;mergerService
225;223.6;100;73;skipseqService
226;229.79;89;67;AWSECommerceService
227;219.0;56;60;lister
228;236.67;63;53;SubjectBrowserService
229;460.0;56;60;IAddress2service
230;248.8;88;67;trimestService
231;220.6;90;73;btwistedService
232;242.4;89;73;prophetService
233;257.5;100;73;IntegrateServiceService
234;170.0;85;60;CaptchaService
235;87.14;87;67;MemberServices
236;219.0;99;80;notification
237;122.0;86;67;interopLabEchoHeader
238;228.6;100;73;transeqService
239;187.75;64;73;Beheer
240;184.74;62;67;v40
241;1104.67;47;83;VizieRService
242;276.0;88;67;stretcherService
243;316.3;84;53;AnalysisWSAppLabImplService
244;63.25;98;67;SIAP
245;140.5;97;73;PipelineManagerALE
246;167.5;86;73;CalcService
247;287.22;86;53;AnalysisWSAppLabImplService
248;244.0;86;83;HelloOpenSOAP
249;1138.33;88;73;FindBlankWS
250;154.0;98;73;BaseformService
251;1226.0;91;73;Personalizer
252;55.5;81;73;AmazonHistoricalPricing
253;287.22;85;53;AnalysisWSAppLabImplService
254;283.0;83;73;Departements
255;825.8;90;60;Schedule
256;335.58;65;73;DataTypes
257;224.0;78;73;NumberGuess
258;581.0;83;50;GetPersonInfoService
259;130.75;56;83;PmSoapRpcApi
260;203.0;72;83;Streams
261;272.43;85;53;AnalysisWSAppLabImplService
262;333.52;86;53;AnalysisWSAppLabImplService
263;121.0;91;73;GoogleSearchService
264;102.0;90;73;DOTSGeoPhone
265;330.19;92;67;TerraService
266;77.9;91;73;protseq
267;111.0;98;67;SushiwsPort
268;214.62;32;53;BarbiWebServicesImplService
269;463.6;91;73;showdbService
270;854.0;96;73;DevLeap_x0020_-_x0020_WSCached
271;540.5;72;67;ndfdXML
272;905.0;96;73;EnergyUnit
273;158.8;87;73;SoapTest
274;109.75;70;73;ImgCutout
275;664.0;83;53;EncryptPointService
276;1529.0;72;83;CountryService
277;95.25;99;73;FACISBackgroundCheck
278;146.83;85;83;VbidasService
279;382.71;27;73;JanusAT
280;322.33;99;73;pathwayDBSer
281;599.0;85;73;CommuneInfoService
282;235.4;87;73;etandemService
283;2836.25;79;73;DataService
284;202.0;98;80;PCtoLongLat
285;71.75;59;67;FaxMessagingService
286;312.0;88;73;ftreedistpairService
287;248.4;98;58;chaosService
288;298.83;46;83;nalennd
289;474.91;91;60;XigniteRealTime
290;142.0;39;73;GuessWebService
291;262.5;89;73;LandmarkService
292;443.0;98;58;lindnaService
293;255.08;12;53;OnlineMessenger
294;245.8;89;73;backtranseqService
295;409.5;86;58;MlekoSluzba
296;1730.0;72;67;GMPubSrvService
297;235.9;61;73;TheHolyBible
298;293.0;99;73;DownloadService
299;372.25;66;80;Service
300;104.5;86;73;CoolWSFromITM
301;305.37;87;67;AWSECommerceService
302;138.5;86;73;Utility
303;227.0;97;80;EHCIntegrationService
304;189.0;83;83;SerClsPeticionSOAPTPVPCservice
305;126.0;83;83;XEMBLService
306;80.55;94;60;SkyNode
307;211.0;86;73;trimseqService
308;220.4;85;58;danService
309;305.0;86;73;news
310;1235.0;88;42;LeagueService
311;238.0;87;80;nEkaWebService
312;195.0;89;73;seqretsplitService
313;115.0;98;73;Batch_Transfer
314;447.2;90;73;SoapTest
315;367.4;85;73;embossversionService
316;786.5;67;50;Sandbox6Service
317;289.0;86;80;DatabindingPatterns
318;220.2;93;73;getorfService
319;127.75;94;73;XFService
320;231.0;83;83;bonjourwsdl
321;620.25;91;78;WikiWebService
322;158.25;93;73;IOHandler
323;445.43;96;80;BLiquidity
324;1255.12;97;60;pbx
325;541.0;100;83;WitwService
326;266.33;85;67;TargetServiceBinding
327;151.0;83;78;christmas
328;115.4;97;67;TNPubServicesXML
329;1832.67;89;67;serviceName
330;295.67;73;73;Vigenere1
331;345.0;72;83;SerClsPeticionSOAPTPVPCservice
332;222.6;85;58;pepnetService
333;135.27;81;60;Interop
334;157.5;86;73;TimeService
335;446.23;90;60;XigniteChart
336;275.0;88;50;TRMStandardVersionService
337;170.67;96;73;eyeVeri
338;328.5;46;73;WhiteMesaSoap12AddTestSvc
339;407.0;78;73;Rss
340;308.0;93;78;logon
341;281.91;86;53;AnalysisWSAppLabImplService
342;368.0;90;60;ConfigEditingService
343;412.25;89;73;Game
344;399.6;52;67;Utility
345;275.0;83;83;VersionService
346;117.0;86;73;DailyHoro
347;98.25;90;73;PermitPlace
348;349.0;91;58;AdminService
349;486.4;81;60;Interop
350;213.0;100;58;isochoreService
351;130.0;89;67;XWebEmailValidation
352;208.6;88;73;showfeatService
353;123.92;66;73;DataTypes
354;517.67;63;67;ItestckvSOAPservice
355;654.41;87;53;GeDat
356;210.5;72;80;SoapGO
357;82.0;90;73;DataUtil
358;238.5;73;73;Service
359;322.0;91;73;FlightRouteAggregatorService
360;103.25;93;73;DOTSValidateCanada
361;238.04;48;67;WebSyndicationService
362;177.0;83;73;BarCodesService
363;260.0;83;73;RandomBushismService
364;182.0;83;83;IgetNumbersservice
365;175.6;51;80;Resources
366;233.0;89;73;dregService
367;50.75;56;80;mdWebServices
368;152.0;96;73;SOAPSend
369;325.25;56;67;IWSDLPublishservice
370;1425.75;78;73;WSMPsrchService
371;203.8;93;73;antigenicService
372;149.5;94;73;LeftNeighboursService
373;4637.61;30;67;SBSWebService
374;440.75;89;73;SMSGateway
375;994.0;99;73;MathService
376;155.0;83;80;SearchCuroCustomerService
377;137.71;79;67;interop2
378;434.83;66;80;Service
379;374.2;93;67;vrnaalifoldpfService
380;1342.0;94;73;Headlines
381;151.22;93;73;Products
382;246.6;92;73;pdbtospService
383;130.0;94;73;DOTSFraudProtection
384;324.0;83;83;BankValSOAP
385;186.0;86;60;Random Quote
386;2909.47;94;67;Service1
387;331.0;91;73;DownloadService
388;375.0;93;73;distmatService
389;485.6;94;73;mergerService
390;173.0;83;73;showmyip_lookup
391;733.08;30;73;DNGatewatWebServiceService
392;221.0;18;60;AmazonSearchService
393;97.33;88;73;DOTSYellowPages
394;178.5;72;67;IPasswordservice
395;315.5;86;80;HexBinaryTest
396;278.75;86;83;CalcService
397;288.8;51;83;VaerkerService
398;99.0;60;53;PropertyInformation
399;359.15;51;60;Round4XSDTest
400;1189.5;72;78;UCDResolverService
401;427.2;96;73;eUtilsService
402;213.82;59;67;PCSDealers
403;524.0;94;67;TestService
404;149.0;96;58;AdminService
405;102.0;86;80;WhiteYork_x0020_Hosting_x0020_Usage_x0020_Service
406;147.75;78;73;SessionService1
407;49.53;53;60;CB_CD
408;498.67;90;73;GoogleSearchService
409;251.6;92;67;wordmatchService
410;386.71;45;67;WebBugService
411;198.0;97;73;seqretService
412;184.5;90;60;XigniteInsider
413;76.0;98;50;GtsInterfacesService
414;3698.04;60;67;search
415;216.0;93;73;SeqReferenceInfoEJB
416;198.8;100;73;shuffleseqService
417;306.0;90;73;LandmarkService
418;2938.5;72;73;GetCustomNews
419;1783.25;93;53;wsTravelService
420;111.0;72;83;GD_VSDB_WMService
421;1019.75;99;73;FileShopHandler
422;555.0;83;73;addressMeister.comService
423;150.5;92;73;DataTypes
424;353.75;66;80;Service
425;75.22;93;67;search
426;96.67;92;58;WolframSearchService
427;477.0;94;73;BNPriceWS
428;42.5;72;73;XarayaSoap
429;115.0;86;73;Zip2Geo
430;70.86;42;78;WMLS
431;317.0;93;73;supermatcherService
432;140.0;95;73;CCChecker
433;223.33;97;73;generate_login_token
434;121.33;90;73;GoogleSearchService
435;126.0;97;58;BlogAPI
436;1238.17;47;72;MAGGIE
437;105.92;9;67;GenericXsltCallback
438;349.07;95;67;Report
439;178.4;87;73;WorldTimeService
440;207.0;25;67;uBioService
441;300.0;88;73;DownloadService
442;157.0;90;73;Interactive
443;321.5;56;67;eZentrum-Webservices
444;200.0;87;58;hmomentService
445;162.0;98;73;LoggingService
446;66.0;83;78;SecureLogin
447;122.0;99;73;WSDLInteropTestListService
448;90.0;85;60;interop2C
449;169.75;69;60;LocalService
450;314.62;96;83;ProMLResolver
451;211.25;89;67;WSDLInteropTestRpcEncService
452;83.0;91;80;CourseRegistration
453;286.0;93;73;Afstandsberegner
454;121.46;61;67;AutoService
455;195.0;83;80;walker_service
456;234.83;73;73;XMSServer
457;3150.0;98;73;AustralianPostCode
458;175.67;73;73;SiteUser
459;345.0;98;89;ZipCodeLookup
460;189.57;43;73;kSMSSoap
461;99.0;99;73;Drors
462;186.0;83;83;SerClsPeticionSOAPservice
463;133.17;94;73;Utility
464;152.0;96;60;EmailVerification
465;538.0;97;58;AdminService
466;199.4;99;73;sigcleaveService
467;293.8;93;73;stretcherService
468;413.5;98;80;hellowsdl
469;314.15;100;60;NSVMPublishingAPIV3
470;104.75;89;73;DOTSCurrencyExchange
471;225.2;100;73;checktransService
472;444.0;83;73;SiteInspectService
473;249.08;12;53;OnlineMessenger
474;261.09;85;53;AnalysisWSAppLabImplService
475;2779.5;28;60;CatalogService
476;275.5;71;78;LottoDrawings
477;3007.25;79;73;DataService
478;146.5;72;83;MaranServiceService
479;163.0;85;60;TaxDataComplete
480;330.0;83;67;GeoCodeSrvService
481;193.0;88;73;patmatdbService
482;214.4;89;73;msbarService
483;125.0;86;73;geographyRequests
484;329.8;51;73;Departements
485;3166.0;72;83;RecommendationService
486;216.6;94;73;newcpgseekService
487;115.4;96;80;FullerData_x0020_High_x0020_Score_x0020_Service
488;338.0;72;73;eSynapsMonitor
489;831.36;64;80;getOtherInformation
490;92.5;78;73;Rankings
491;118.1;45;67;SimpleTest
492;199.17;56;67;CRMTeeTimeAPI
493;158.9;61;67;SoapTest
494;386.4;100;73;embossversionService
495;167.0;72;78;IRomanservice
496;398.17;66;80;Service
497;273.6;88;73;restoverService
498;190.0;98;89;eUtilsService
499;1201.0;83;78;Systamex
500;668.75;79;73;Reed_x0020_Affiliates_x0020_WebService
501;145.25;56;78;ObjectStateManager
502;208.5;100;80;GetPeopleSearch
503;305.4;89;50;plotconService
504;99.0;88;73;OcrService
505;539.72;23;60;IXMLWSservice
506;929.0;86;73;BankFinder
507;401.14;43;83;DDBJ
508;224.0;75;78;sandriniWebService
509;424.57;50;73;ZipCode
510;164.5;72;73;timeDateEmail
511;292.0;100;73;MetarService
512;729.0;94;73;MarketData
513;122.93;93;60;SchemaWeb
514;253.0;100;67;TerraService
515;277.4;93;73;compseqService
516;81.0;70;73;MathTools
517;379.78;85;53;AnalysisWSAppLabImplService
518;170.25;56;60;SubscriptionManager
519;79.0;83;78;FaxService
520;114.33;85;73;RandomService
521;402.78;87;60;XigniteQuotes
522;128.5;72;78;ITempConverterservice
523;83.0;87;73;KUAMNewsSyndicatedHeadlines
524;41.0;83;60;WQS
525;725.63;88;67;VNetCenterInterfaceForSP
526;136.4;90;73;SoapTest
527;68.57;43;78;WMLS
528;217.5;78;73;WahooScoresService
529;603.5;85;73;ErrorReporter
530;137.75;79;67;PhoneVerify
531;149.0;96;89;eUtilsService
532;641.5;96;73;ICD10
533;68.0;97;73;NycAddressService
534;333.0;83;83;Bible
535;205.0;65;73;Events
536;123.45;86;67;AWSECommerceService
537;98.4;93;73;fandgSubscriptionWS
538;287.0;89;67;WSCUVocal
539;235.0;83;67;ReporteAereo
540;134.0;83;83;VersionService
541;350.5;86;73;SendPageService
542;214.0;85;73;silentService
543;189.5;72;83;RecommendationService
544;461.0;98;60;EconometricStats
545;211.0;87;73;Typograf
546;123.0;78;73;SessionService1
547;227.53;90;67;AWSECommerceService
548;126.83;100;67;XigniteTools
549;262.5;86;73;LandmarkService
550;69.0;56;83;RsvmService
551;192.0;83;83;LittServiceService
552;216.5;89;60;zipCodeClass
553;247.8;99;73;Service1
554;287.67;63;73;SkyBoT
555;154.1;53;67;DMReporting
556;514.5;86;73;bidlistconnection_web_services
557;222.0;73;73;Service
558;161.0;98;73;GBNIRHolidayService
559;117.0;83;67;IOremGeocoderservice
560;126.25;100;60;CurrencyRates
561;101.0;86;73;CityLocations
562;291.0;88;73;SRWSampleService
563;211.0;22;73;valdoc
564;172.57;90;67;Icon
565;138.07;30;72;WMLS
566;205.31;56;67;EPADWebServices
567;166.6;51;73;interop
568;470.43;43;78;ProFoxWS
569;288.87;84;53;AnalysisWSAppLabImplService
570;81.0;100;80;DeadOrAlive
571;404.5;99;73;StateInfoSrv
572;225.0;85;73;PetWebServices
573;260.6;100;67;showseqService
574;138.0;85;73;ATTSMS
575;93.3;60;73;DemographixQuery
576;229.0;98;73;transeqService
577;152.5;86;73;WSLoggildingar
578;255.25;67;73;SendServiceNoHeader
579;269.0;96;58;LOTTO_UK_NumberChecker
580;357.33;97;73;WsdlContractFirstService
581;225.5;86;73;PingPong
582;105.78;60;73;DelayedStockQuote
583;137.0;83;73;CarCalculatorServiceService
584;248.0;78;73;SearchNajdiSi
585;455.94;64;53;TexServices
586;411.12;39;73;MapService
587;274.0;100;73;emowseService
588;201.8;94;73;patmatdbService
589;848.15;21;78;interpublish
590;1164.0;88;83;2smsMessaging
591;427.65;86;53;AnalysisWSAppLabImplService
592;3343.0;83;83;SummaryService
593;1099.0;95;73;StockServices
594;319.83;84;53;AnalysisWSAppLabImplService
595;489.2;67;73;TimeZones
596;79.12;70;73;MathService
597;254.4;97;73;chipsService
598;409.0;87;73;WSDLInteropTestListService
599;202.4;89;73;nthseqService
600;287.4;91;50;prettyplotService
601;86.86;100;73;Distance
602;291.25;92;60;XmppService
603;137.0;83;73;myService
604;1391.5;89;73;EMBLNucleotideSequenceWebService
605;308.45;87;67;XigniteHoldings
606;3157.61;23;78;IdeasServiceService
607;312.97;93;67;FuelPricingServices
608;273.85;87;60;sfconnector
609;314.0;63;73;SkyBoT
610;142.0;97;73;IPHelpers
611;123.83;99;73;HolidayService
612;191.0;100;73;stssearchService
613;89.0;83;78;ISOcode2shortformatSOAP
614;110.0;83;73;Import1
615;179.0;79;73;XfccBasic
616;210.0;97;73;WhoIsService
617;436.6;90;73;showdbService
618;730.2;86;73;InsertRelation
619;166.0;86;73;NRA_x0020_ILA_x0020_News_x0020_and_x0020_Updates_x0020_Syndication
620;1703.0;83;83;ElementRefinementsService
621;161.0;72;83;HomeworkService
622;172.0;89;89;VasService
623;370.5;86;73;SMS
624;120.83;64;73;BlastbtService
625;137.75;78;73;CualEsMiIP
626;97.0;90;73;interop2B
627;189.0;83;78;SOAP
628;409.67;99;73;IT_x0040_Service_x0020_Webservices
629;217.4;87;73;wordmatchService
630;61.5;72;73;Remember_x0020_God
631;82.25;99;73;SdssFields
632;836.5;86;73;GoogleService
633;561.5;91;73;OTSZip
634;197.4;99;73;seqretsplitService
635;226.0;78;73;CEqImage
636;268.35;85;53;AnalysisWSAppLabImplService
637;131.36;90;60;Interop
638;129.0;89;73;WSDLInteropTestRpcEncService
639;81.0;93;58;AdminService
640;154.0;95;73;SimilarityService
641;143.67;93;80;symgateEngine
642;271.6;90;73;newseqService
643;147.33;91;73;ABAService
644;334.0;89;73;QueryCheckService
645;166.0;83;83;AssociatedCheckerService
646;158.0;72;67;TimeService
647;179.5;94;73;Servicio_medio_ambiente
648;116.0;87;60;MainService
649;677.0;83;73;TranslateSvc
650;173.0;91;73;NRA_x0020_ILA_x0020_News_x0020_and_x0020_Updates_x0020_Syndication
651;123.67;87;73;GoogleSearchService
652;178.0;56;78;IHessServiceservice
653;63.83;19;60;AmazonSearchService
654;874.75;56;73;IDEC_GeoServeis
655;481.0;83;78;ImgCount
656;170.0;87;73;SoapTest
657;194.0;56;78;WMLP
658;1376.0;99;83;ASPNLogin
659;300.48;85;53;AnalysisWSAppLabImplService
660;153.5;93;73;ThesaurusService
661;255.0;87;67;digestService
662;130.25;79;73;IP2Geo
663;60.18;93;67;AWSMechanicalTurkRequester
664;142.17;46;73;Euro42
665;137.81;63;73;ServerTime
666;208.0;92;73;cutseqService
667;110.78;85;73;DOTSFastWeather
668;1078.33;84;72;MAGGIE
669;237.0;97;73;WeatherStationService
670;1939.0;99;73;StockQuote
671;287.93;100;67;ABRXMLSearch
672;407.0;85;58;AdminService
673;464.0;67;80;Service
674;445.0;89;83;BulportFinanceService
675;484.5;78;67;AMIWebServiceService
676;3283.0;92;73;Search
677;664.0;83;83;VersionService
678;281.8;93;73;prophecyService
679;932.0;67;73;SumibiConvertService
680;113.2;51;73;XMethodsQuery
681;91.5;86;73;Service
682;386.44;27;60;IACHSOAPservice
683;505.0;100;73;GoogleSearchService
684;316.28;86;33;GSXWS
685;219.0;87;73;K4THotelAvailWS
686;85.25;78;73;UtilityService
687;459.0;98;73;LDAPService
688;3625.06;64;73;EnGraphGPS
689;214.0;86;80;SwissCities
690;169.4;90;73;SoapTest
691;210.4;90;73;tfmService
692;166.0;83;83;HelloService
693;148.06;52;67;Location
694;182.0;92;67;PixelsToXYService
695;126.0;94;60;USAddressVerification
696;175.5;96;60;Medicare
697;254.6;98;67;chipsService
698;237.8;99;73;infoseqService
699;621.2;85;73;MAPPResults
700;130.75;95;73;CafePressServices
701;163.0;96;73;MortgageIndex
702;112.83;98;73;Files
703;103.67;97;73;SearchService
704;312.5;21;42;SforceService
705;223.5;72;73;RecommendationService
706;126.25;91;73;WSDLInteropTestRpcEncService
707;95.38;62;73;EmailVerNoTestEmail
708;118.75;86;67;XigniteSurvey
709;294.6;94;73;restrictService
710;280.61;85;53;AnalysisWSAppLabImplService
711;107.33;63;73;wsaTestService
712;82.67;93;67;CPP_SCORING_REQUEST
713;229.6;88;73;showseqService
714;355.0;66;80;Service
715;151.0;92;73;CooccurrencesAllService
716;268.2;93;67;maskseqService
717;296.06;55;67;ServiceBilling
718;215.0;90;73;palindromeService
719;278.08;59;60;Lodge
720;320.0;91;73;Courses
721;126.22;92;73;The_x0020_Development_x0020_One_x0020_XMLTV_x0020_Web_x0020_Service
722;275.87;85;53;AnalysisWSAppLabImplService
723;259.8;88;67;msbarService
724;1345.5;78;73;WSMPsrchService
725;151.0;85;83;ProTagService
726;104.0;87;73;DOTSTimeZoneAppend
727;132.73;86;73;SkyNodeWS
728;2141.67;88;73;MatchService
729;4651.0;65;73;WS4lsqlService
730;227.0;92;73;megamergerService
731;350.33;91;73;OHRwurmIndexService
732;191.11;87;67;GeoAccess
733;79.65;61;67;AWSECommerceService
734;174.17;88;73;EnvioSMS
735;1760.48;97;67;ERSWebCensusMapService
736;107.0;83;83;eBayWatcherService
737;104.0;92;73;EditService
738;211.4;100;73;checktransService
739;210.33;93;67;SyndicationServiceExperimental
740;126.2;90;73;SoapTest
741;111.0;83;83;TemperatureService
742;72.25;89;78;X3WS
743;115.0;83;73;AreaService
744;405.0;85;73;ManageNumbers
745;495.0;83;72;companyPaymentAuthorizationService
746;861.75;56;78;ApniUrdu
747;244.0;78;73;Catalog
748;160.5;86;73;zCalcSvc
749;128.33;94;73;ImageryMetaDataService
750;148.5;87;67;USHolidayDates
751;3347.0;83;83;OTNGUIDGenerator
752;3055.0;56;83;PimlService
753;130.25;78;73;Proverbs
754;183.42;92;60;Service1
755;167.0;85;73;Service1
756;331.0;87;73;DownloadService
757;140.67;63;60;NavigatePublicationTarget
758;416.25;69;67;NetDicV08
759;68.83;100;73;Image_x0020_Search
760;867.73;94;33;SaisieFrance2ServiceBeanService
761;429.38;20;42;PayPalAPIInterfaceService
762;837.25;78;73;NewsService
763;151.75;88;73;NumPager
764;212.2;90;73;oddcompService
765;151.4;53;73;ACMEProducts
766;275.8;85;73;remapService
767;155.0;100;67;sekeywordService
768;258.0;92;73;codcopyService
769;416.33;46;83;PML
770;206.25;87;60;JobSequencerService
771;197.0;89;60;checkidService
772;168.5;88;60;DataGeneration
773;281.39;61;67;Service1
774;302.4;91;73;textsearchService
775;123.7;93;67;XWebLead
776;66.0;83;78;SecureLogin
777;111.0;56;83;TfscanService
778;947.0;63;73;IDEC_GeoServeis
779;145.36;33;67;interopLab
780;443.56;94;60;IWebAPIService
781;173.0;89;73;GlenXMLService
782;186.0;93;73;aotm
783;2457.5;96;73;MathService
784;994.26;30;67;SympaSOAP
785;349.8;92;67;vrnasuboptService
786;103.0;94;80;InteropTestExtensibilityRequired
787;142.0;96;73;Testtool
788;211.57;89;83;eUtilsService
789;214.8;91;73;dbEMSW2
790;243.0;93;58;dottupService
791;635.42;32;33;SABLEThermRPCService
792;1428.0;99;73;RetHeaderService
793;113.75;8;67;sugarsoap
794;141.0;90;67;GenerateMapService
795;196.83;75;73;CodiceFiscale
796;317.59;91;67;QueryService
797;153.79;86;67;HR-XML_x0020_Validation_x0020__x0028_2004-08_x0020_release_x0029_
798;439.0;86;58;Compound2
799;110.67;98;73;OFACService
800;317.0;95;73;DownloadService
801;843.5;97;58;NavneNumreBasis
802;134.5;72;78;ITempConverterservice
803;244.25;70;73;w_company
804;292.21;56;67;WebServiceDemo
805;150.4;20;60;CWS
806;256.39;85;53;AnalysisWSAppLabImplService
807;280.36;94;73;ciselniky
808;309.0;96;73;DownloadService
809;156.0;98;73;MovieInformation
810;348.1;67;73;Communication
811;369.83;66;80;Service
812;573.81;11;67;GForgeAPI
813;218.75;68;60;tipService
814;1558.07;97;67;ERSWebCensusMapService
815;168.25;56;67;PersonService
816;534.5;72;73;KeywordQueryService
817;77.0;50;78;MyWorld
818;128.6;89;60;BusinessVerification
819;144.75;56;73;CReasonerService
820;392.5;46;73;getMapwsdl
821;274.8;92;67;fdnainvarService
822;101.0;93;73;DOTSContactValidation
823;324.5;72;78;GetSomeValueService
824;157.2;53;50;Service
825;113.33;91;73;ePrecis
826;131.15;90;60;XWebNews
827;221.75;78;73;InstantOrder
828;268.57;85;53;AnalysisWSAppLabImplService
829;171.6;93;73;Servicio_ganaderos
830;136.67;63;78;ParaciteSearchService
831;57.0;98;73;GuidGenerator
832;108.0;92;73;WSDLInteropTestDocLitService
833;208.4;94;73;einvertedService
834;123.64;93;67;XWebCheckOut
835;1387.5;78;73;WSTCoffeeService
836;335.89;36;73;Dispenser
837;83.42;66;73;PublicCalendar
838;337.6;99;58;cirdnaService
839;201.48;53;67;_Get
840;210.79;89;67;Service1
841;512.88;99;67;TerraService
842;341.39;82;53;AnalysisWSAppLabImplService
843;205.5;73;60;VinService
844;243.0;63;73;Advanced
845;247.05;89;67;AWSECommerceService
846;843.33;88;67;XigniteMaster
847;143.0;83;73;NewsSearchService
848;140.0;89;73;GoogleSearchService
849;201.6;91;73;pscanService
850;214.0;100;73;Geolizer
851;50.07;27;67;SalesRankNPrice
852;2204.38;66;73;Research
853;1462.0;83;83;VocabularyTermsService
854;123.0;99;73;AffiliateService
855;220.8;85;73;maskseqService
856;404.2;87;67;vrnacofoldService
857;262.6;89;67;sixpackService
858;209.4;98;73;marscanService
859;2297.64;98;73;interopLab
860;111.0;87;58;Compound2
861;303.2;51;83;Blast
862;1326.5;86;73;User
863;348.0;100;67;RandomPlayer
864;275.0;72;83;EHCIntegrationService
865;179.5;72;60;TaxonomyManager
866;782.0;84;73;ReportReadingWS
867;104.0;90;80;ccydemo
868;481.9;94;67;NetworkNode
869;103.0;85;73;DOTSFastWeather
870;799.0;99;58;Compound2
871;319.3;85;53;AnalysisWSAppLabImplService
872;144.31;56;60;BCHService
873;281.0;90;67;XigniteEmerging
874;703.25;92;73;dic2
875;327.86;94;67;FmWS
876;104.6;51;83;StretcherService
877;119.0;95;73;ConvertCSharp2VBService
878;278.87;86;53;AnalysisWSAppLabImplService
879;2835.56;97;73;Tiscali_x0020_Presence_x0020_Services
880;114.0;83;73;Import1
881;331.43;85;53;AnalysisWSAppLabImplService
882;212.5;100;78;PegsTourService
883;396.0;72;67;ndfdXML
884;139.5;85;83;ARTSPDF_Online_Collaboration
885;1479.78;65;73;ArticleArchive
886;227.0;91;58;octanolService
887;75.13;20;60;AmazonSearchService
888;575.5;86;67;EmailVerify
889;1316.75;88;80;Service1
890;1383.33;91;73;WSFastaService
891;144.75;98;73;CalculationService
892;872.0;83;78;Discordian
893;136.33;46;73;Euro42
894;571.0;83;67;FSCWarrantyClaimManagement_WebServices_TranslationToolService
895;201.12;44;67;MapImage
896;462.0;99;73;NED
897;189.0;100;73;DevLeap_x0020_-_x0020_Codice_x0020_Fiscale
898;670.0;93;80;SerClsWSPasarelaPINPADService
899;1410.0;83;83;LanguagesService
900;175.0;86;73;geographyRequests
901;620.5;96;73;MacamMailer
902;143.6;98;73;USHolidayService
903;748.0;100;80;getOtherInformation
904;1321.5;78;73;WSMuscleService
905;109.0;90;73;WSDLInteropTestDocLitService
906;218.8;89;73;shuffleseqService
907;421.0;63;67;IKtoPruefservice
908;40.0;72;73;XarayaSoap
909;319.25;89;73;AirlineService
910;1648.5;74;83;GetNodes
911;338.87;86;53;AnalysisWSAppLabImplService
912;648.0;92;73;CurrencyConvertor
913;90.12;69;73;DictionaryManager
914;560.62;100;78;?????????
915;136.0;89;60;IngesterServiceService
916;192.0;98;73;caiService
917;602.0;90;73;Calculo
918;146.88;92;73;ContentFinder
919;57.42;66;67;AWSECommerceService
920;257.0;94;67;revseqService
921;84.0;95;50;GtsInterfacesService
922;206.0;95;73;etandemService
923;199.0;96;73;LetterSoup
924;267.0;98;80;politicalareareport
925;232.0;100;73;sendOIOXML
926;332.0;97;80;Glide
927;753.0;72;73;SOAP_AldiaService
928;266.6;88;67;garnierService
929;87.9;67;73;TableJobs
930;505.0;89;83;WitwService
931;98.67;91;67;XigniteTools
932;216.5;98;67;muller
933;3356.5;91;60;Service
934;622.33;75;53;SubjectBrowserService
935;108.5;86;80;SQL_x0020_Formatter_x0020_Web_x0020_Service
936;119.67;94;73;WSDLInteropTestDocLit
937;262.4;96;73;mwfilterService
938;78.0;92;73;Service1
939;736.5;86;73;TrafficService
940;310.74;86;53;AnalysisWSAppLabImplService
941;292.0;86;53;AnalysisWSAppLabImplService
942;1147.3;27;60;IACHSOAPservice
943;234.5;89;78;WebServiceAgentService
944;250.8;100;50;sycoService
945;195.75;86;67;GreenchoiceNewCustomer
946;213.0;85;73;oddcompService
947;1226.67;63;83;Blast
948;268.0;88;67;decompImplementationService
949;62.05;72;67;AWSECommerceService
950;82.0;83;80;dConverterSOAP
951;352.5;86;73;wsStrings
952;462.5;78;73;Source_x0020_Code_x0020_Community_x0020_WebService
953;379.2;96;67;vrnacofoldpfService
954;94.67;98;73;MSN
955;135.0;97;73;GoogleSearchService
956;337.0;93;67;PathInfoBPService
957;231.8;94;73;showorfService
958;288.21;93;67;CreditCard
959;215.0;98;73;AreaUnit
960;101.5;90;58;ServiceRequest
961;257.8;92;73;extractseqService
962;147.0;83;80;MyWebService
963;543.0;95;73;notseqService
964;160.0;83;78;AnnotateService
965;409.0;84;53;AnalysisWSAppLabImplService
966;205.0;83;83;Simple
967;101.0;85;73;BFOGraphService
968;473.67;63;67;DistrictServiceService
969;331.5;88;73;ICD9ToICD10
970;107.57;89;73;MyAmazonSecure
971;47.56;62;67;OA_DGV
972;200.2;100;73;nthseqService
973;706.0;86;73;UDDIBusinessFinder
974;188.67;68;67;RouteFinder
975;390.0;72;78;PlaceCatalogService
976;229.78;16;72;Guthrie
977;161.0;83;78;IDutchservice
978;356.67;66;80;Service
979;325.97;12;67;otoMotoWebApi
980;317.8;90;67;vrnaheatService
981;199.25;92;80;ProfileSettingsService
982;303.0;84;67;RSSService
983;397.0;56;67;IAddress3service
984;136.17;89;73;DimeInterop
985;125.0;91;58;Compound2
986;329.0;92;73;eSynapsSerach
987;140.33;63;83;BlogBrowserService
988;452.75;88;67;LORAX
989;64.0;83;78;SecureLogin
990;71.62;17;60;AmazonSearchService
991;248.31;12;53;OnlineMessenger
992;1936.33;76;73;SessionManagementServiceBinding
993;163.0;83;78;IDutchservice
994;323.0;90;73;DownloadService
995;127.68;59;80;Rapportage
996;285.04;86;53;AnalysisWSAppLabImplService
997;182.57;43;83;OrbitService
998;131.71;65;73;PurchaseOrder
999;165.0;89;80;HelloService
1000;203.6;97;58;findkmService
1001;371.35;87;53;AnalysisWSAppLabImplService
1002;206.2;87;73;psiphiService
1003;135.33;86;73;GoogleSearchService
1004;144.8;91;73;USHolidayService
1005;116.5;56;73;LandmarkService
1006;60.84;70;67;AWSECommerceService
1007;291.0;99;58;sycoService
1008;151.0;93;73;Service1
1009;303.43;85;53;AnalysisWSAppLabImplService
1010;298.0;99;83;FloodService
1011;1112.25;78;73;stock
1012;252.4;95;58;plotconService
1013;1306.0;73;73;Labs
1014;306.0;90;73;matcherService
1015;102.64;83;78;GusbrcrzService
1016;152.45;96;67;Main
1017;165.2;91;73;SpatialQuery
1018;65.07;88;67;geoservices
1019;222.08;59;73;Content
1020;520.5;92;67;TerraService
1021;138.06;100;60;InterFax
1022;263.89;87;67;AWSECommerceService
1023;167.5;55;67;adid_apiService
1024;184.67;98;60;QueryDeathIndex
1025;98.0;94;73;DOTSGeoCensus
1026;125.67;92;73;GoogleSearchService
1027;79.25;99;73;ImgCutout
1028;127.5;98;73;WSDLInteropTestRpcEncService
1029;53.0;97;73;QuoteofTheDay
1030;111.33;95;67;ForumSecure
1031;615.0;97;80;basicmap
1032;289.25;92;73;ContentFinder
1033;172.0;98;73;GeoIPService
1034;165.0;100;73;FastCompletion
1035;338.82;85;53;AnalysisWSAppLabImplService
1036;208.6;67;73;Service1
1037;374.67;63;73;Nearest_x0020_Service
1038;172.67;87;73;GoogleSearchService
1039;324.44;31;60;IXMLWSservice
1040;116.75;56;73;AvvioAPI
1041;423.7;67;80;DatosArt
1042;149.0;94;73;ValidateEmail
1043;312.67;63;83;OrbitService
1044;246.25;88;73;LandmarkService
1045;120.0;97;73;MSIT_MedStudentResidentValidation
1046;183.0;89;73;ApplicationPort
1047;205.0;71;83;SerClsPeticionSOAPTPVPCservice
1048;195.56;100;73;DictService
1049;262.37;34;67;JExamInfoServiceService
1050;118.0;96;73;WSDLInteropTestDocLitParameters
1051;212.2;95;73;dregService
1052;99.0;83;73;UofA
1053;328.0;85;58;dotmatcherService
1054;186.25;87;73;LandmarkService
1055;171.0;86;73;Batch
1056;191.0;92;73;DotbotClass
1057;142.5;94;73;ResearchService
1058;281.6;95;73;vectorstripService
1059;1242.11;64;73;ArticleArchive
1060;89.6;88;67;HTTService
1061;108.67;87;73;Fax
1062;507.0;89;73;fdiscbootService
1063;411.83;66;80;Service
1064;172.5;72;83;SerClsPeticionSOAPTPVPCservice
1065;319.38;12;67;otoMotoWebApi
1066;69.33;91;80;TNM_Gazetteer_Service
1067;214.0;93;58;pepwindowallService
1068;55.75;78;73;Calculator_x0020_Web_x0020_Service
1069;704.0;83;89;Demo
1070;129.0;13;33;msd_soap_service
1071;245.6;99;50;tmapService
1072;599.0;92;67;HostService
1073;79.0;83;50;ZtpInterfacesService
1074;2801.56;96;73;Tiscali_x0020_Messenger_x0020_Services
1075;506.85;21;60;OnlineMessenger
1076;659.5;97;73;Zip
1077;1614.67;63;73;GeoCode_Service
1078;465.0;83;83;BankValSOAP
1079;201.2;97;73;unionService
1080;222.0;90;73;HDSaldo
1081;218.4;92;73;yankService
1082;164.0;71;83;IP2CountryService
1083;174.1;55;67;WebBlogService
1084;256.2;98;73;fdrawtreeService
1085;108.5;100;73;DOTSAddressPlus
1086;280.0;79;80;Geo2UTM
1087;119.0;86;73;HitCounter
1088;97.04;94;67;TNPubServicesXML
1089;3582.8;99;80;States_x0020__x0026__x0020_Provinces
1090;240.17;91;67;Schedule
1091;168.0;26;53;ReviewRequestManager
1092;119.83;74;73;RealTimeJobPost
1093;306.2;95;73;GeoAddress
1094;85.25;97;73;ImageService
1095;332.11;31;60;IXMLWS2service
1096;65.0;86;73;HWService
1097;189.0;83;73;IsPublicationScientific
1098;270.5;45;58;AladinImageService
1099;4023.3;16;60;eBob42CSharp
1100;3071.5;90;80;NAICS
1101;113.5;72;50;TWSFissionDotNet
1102;110.0;83;58;SearchService
1103;161.69;87;60;WSCore
1104;98.33;99;73;CongressionalDirectory
1105;378.0;83;83;RandomDirectory
1106;774.25;56;80;Calculator
1107;207.8;86;58;wobbleService
1108;64.75;86;67;AWSECommerceService
1109;108.67;88;73;searchService
1110;161.54;90;67;ConnectiqueService
1111;474.0;89;58;ValidateSQL99Service
1112;385.5;56;50;RCAWS
1113;108.0;83;80;DatabindingPatterns
1114;108.0;83;83;TemperatureService
1115;240.5;72;78;LottoDrawings
1116;410.75;78;73;Dilbert
1117;118.14;60;73;BetafaceWebService
1118;154.0;83;83;SerClsPeticionSOAPStratusMobipayservice
1119;329.6;89;73;embossdataService
1120;64.0;83;78;SecureLogin
1121;539.29;63;80;CurrencyServerWebService
1122;208.22;61;73;PasteHereWebService
1123;282.09;85;53;AnalysisWSAppLabImplService
1124;470.0;94;73;TorqueUnit
1125;220.96;87;53;AnalysisWSAppLabImplService
1126;146.0;90;73;GoogleSearchService
1127;243.0;90;80;JIPNewsService
1128;3997.0;90;73;WSNCBIBlastService
1129;181.12;95;53;RealTimeStockQuotes
1130;191.0;84;53;cotsService
1131;126.5;14;60;XataDispatchWebService
1132;192.5;86;73;geographyRequests
1133;295.6;100;67;vectorstripService
1134;329.43;86;53;AnalysisWSAppLabImplService
1135;133.21;55;60;ws
1136;396.75;78;73;Inventory
1137;185.33;63;80;ExchangeRateService
1138;685.86;22;33;PassportService
1139;266.74;85;53;AnalysisWSAppLabImplService
1140;425.0;56;58;WhiteMesaSoap12AddTestSvc
1141;156.0;86;80;promotionService
1142;181.0;83;80;walker_service
1143;292.2;90;73;stretcherService
1144;116.28;54;60;Round4XSDTest
1145;274.78;85;53;AnalysisWSAppLabImplService
1146;124.33;85;73;GoogleSearchService
1147;161.5;34;67;interopLab
1148;329.5;92;73;UDDIBusinessFinder
1149;162.14;93;73;Context
1150;188.38;69;73;AircraftData
1151;457.0;83;83;VersionService
1152;237.12;62;78;sbml
1153;261.0;83;83;hellowsdl
1154;236.21;64;80;AirportDataService
1155;42.64;64;67;OD_CB
1156;189.78;85;53;CensusData
1157;251.5;78;73;LoginService
1158;328.6;86;73;chipsService
1159;112.0;83;73;WarrantyClaimWebService
1160;41.0;97;73;Service1
1161;164.8;99;73;SADownload
1162;709.5;86;67;VSOiService
1163;130.08;95;67;USHolidayDates
1164;371.45;19;42;PayPalAPIInterfaceService
1165;187.0;65;67;Primary
1166;1567.09;73;53;AnalysisWSAppLabImplService
1167;82.0;83;73;WSIndexService
1168;285.0;85;73;GlobalWeather
1169;369.4;61;73;IMucsService
1170;112.0;83;73;AreaService
1171;3768.33;63;83;ASPNNewsFeeds
1172;120.0;83;73;UPCLookupService
1173;174.0;83;73;SearchService
1174;152.1;67;73;Date
1175;90.0;83;78;FaxService
1176;413.62;99;80;hts
1177;136.38;70;73;MathService
1178;140.92;94;73;Lists
1179;119.0;92;73;Articles
1180;169.0;96;50;LeagueService
1181;126.0;83;73;StockHistoryService
1182;267.0;63;60;DictmetaService
1183;206.0;88;80;CRMService_v1
1184;71.21;71;67;AWSECommerceService
1185;213.0;88;60;BasicRealTimeQuotes
1186;243.91;85;53;AnalysisWSAppLabImplService
1187;174.0;83;73;reasoner
1188;105.5;56;83;RrnascanService
1189;103.25;97;80;Codic_x0020_Engine.Net_x0020_Web_x0020_Service
1190;213.17;99;60;TelesignAPI
1191;626.75;66;73;WSDLInteropTestRpcEncService
1192;356.75;56;83;SRS
1193;210.25;78;67;AMIWebServiceService
1194;186.56;96;60;XigniteInsider
1195;300.76;91;67;QueryService
1196;144.0;83;83;VersionService
1197;240.3;56;60;ILohn2004service
1198;1074.3;14;60;service_test
1199;110.0;83;83;net.xmethods.services.stockquote.StockQuoteService
1200;246.0;95;67;Compound1
1201;56.2;97;67;DoNotCall
1202;310.25;22;42;NamebankServiceService
1203;175.5;90;80;OutboundCallService
1204;181.33;89;73;GoogleSearchService
1205;4103.32;83;67;RPCSimapWSService
1206;108.0;93;73;WSDLInteropTestDocLitService
1207;207.88;92;33;SABLEArchiRPCService
1208;140.8;90;60;wbs_publicservicesService
1209;206.4;86;58;polydotService
1210;65.0;83;78;SecureLogin
1211;80.67;38;80;replicaCatalogService
1212;872.12;89;73;GenreTermsAndSubjectHeadings
1213;84.0;94;50;GtsInterfacesService
1214;289.6;94;58;sycoService
1215;1146.0;34;67;InteropDef
1216;215.6;89;73;helixturnhelixService
1217;139.5;46;73;Euro42
1218;205.8;90;58;chargeService
1219;204.0;98;80;BcsoCorrections
1220;261.33;95;80;c2i_x0020_Service_x0020_Web_x0020_gratuit
1221;636.25;56;67;RouteCalSrv2Service
1222;2282.75;78;73;LostvibeWebService
1223;346.39;85;53;AnalysisWSAppLabImplService
1224;206.8;89;73;geeceeService
1225;217.8;88;73;patmatmotifsService
1226;133.33;95;73;GoogleSearchService
1227;378.29;96;80;VilibidVilibor
1228;299.0;90;73;FlightHistoryService
1229;440.06;91;60;Sisu
1230;186.0;93;73;InsumaFocus
1231;221.2;92;73;textsearchService
1232;148.69;95;67;DataManager
1233;220.8;93;73;degapseqService
1234;357.35;92;60;XigniteHistorical
1235;120.0;99;73;GoogleSearchService
1236;532.4;51;67;IBTRNSOAPservice
1237;49.0;72;78;rbac_serverService
1238;523.75;94;73;AnagramService
1239;235.2;94;58;iepService
1240;105.5;86;73;CoolWSFromITM
1241;308.88;18;60;Onegroupservice
1242;338.2;99;73;MailingList
1243;2511.0;98;73;RSStoHTML
1244;188.0;83;83;OrderService
1245;163.67;99;60;NHB
1246;91.0;85;60;interop2C
1247;119.5;71;73;TimeService
1248;236.2;96;73;ehmmindexService
1249;4758.0;98;73;InstantOrder
1250;124.67;100;73;GoogleSearchService
1251;413.09;8;60;soap4buildwsdl
1252;117.5;88;73;FullerData_x0020_Fortune_x0020_Cookie
1253;281.0;83;80;QualificationWarranty
1254;145.62;92;73;TipoCambio
1255;298.61;86;53;AnalysisWSAppLabImplService
1256;357.8;87;73;cutseqService
1257;57.0;85;73;InvitationService
1258;215.6;87;73;stssearchService
1259;355.5;86;67;FastLanePlus
1260;166.5;87;67;CalculatorService
1261;82.0;83;73;WarrantyClaimWebService
1262;356.0;84;73;AuthenticationService
1263;266.0;83;83;SalesService
1264;157.5;94;67;RestrictedCheckTickets
1265;331.0;85;73;DownloadService
1266;247.38;28;42;GLMService
1267;138.0;86;73;Session
1268;250.4;88;67;cuspService
1269;1015.0;83;73;SOAPService
1270;459.14;99;67;STK_SensorCollectionWebService
1271;225.5;73;73;SolarPlotsWebService
1272;220.6;88;58;dottupService
1273;326.25;95;73;SdsUserAndHardwareService
1274;295.89;61;73;PT_progetti
1275;353.26;85;53;AnalysisWSAppLabImplService
1276;193.67;99;73;NAF
1277;538.0;98;73;BNPrice
1278;120.0;97;80;TGL_x0020_Web_x0020_Services_x0020_v1.0
1279;251.5;88;60;ACCLIPServiceService
1280;317.0;72;78;EchoService
1281;184.4;94;73;pregService
1282;248.81;28;42;GLMService
1283;371.17;74;73;OfficeResearch
1284;363.0;63;67;MetadbSearchService
1285;412.5;72;73;UserAddModify
1286;147.33;99;73;TMorse
1287;206.0;83;83;getfile2
1288;382.6;87;73;redataService
1289;231.39;86;73;SearchEngineWSService
1290;217.6;94;73;megamergerService
1291;159.5;78;60;AccountService
1292;46.05;89;67;AWSMechanicalTurkRequester
1293;334.0;67;67;OA_CB
1294;66.5;72;80;wsArrayList
1295;249.0;97;67;Fungus
1296;305.75;70;73;SpamCheckerService
1297;126.0;83;73;CompanyInfoService
1298;173.67;63;80;ExchangeRateService
1299;67.0;83;78;SecureLogin
1300;228.2;86;73;pasteseqService
1301;356.5;93;73;CursBCE
1302;158.8;98;67;DataEnhancement
1303;314.0;90;73;DownloadService
1304;223.83;92;53;AnalysisWSAppLabImplService
1305;606.5;56;67;JurisdictionLookupService
1306;121.0;90;73;interop2B
1307;150.0;94;73;GoogleSearchService
1308;939.7;98;73;Util
1309;2482.0;94;73;FrequencyUnit
1310;44.97;51;60;CB_CH
1311;190.07;95;33;QSv2MsgProcessorService
1312;194.5;72;78;KBBilledWebservice
1313;207.0;99;80;getJoke
1314;106.0;90;80;InteropTestExtensibility
1315;79.35;96;67;FileService
1316;82.43;42;78;ExpandedCongoBuy_servoce
1317;1619.25;78;73;WSScanPSService
1318;138.5;46;73;BiologicalMarkupService
1319;250.74;86;53;AnalysisWSAppLabImplService
1320;1418.27;87;73;WSWUBlastService
1321;93.5;86;73;DotnetDailyFact
1322;148.33;89;73;Service
1323;4989.67;93;73;Api
1324;211.75;88;73;WebService
1325;158.2;87;73;DetailZbozi
1326;78.82;88;73;SkyNodeWS
1327;315.4;98;67;needleService
1328;150.5;42;73;JobServices
1329;117.67;94;78;Interop
1330;358.0;95;50;AddressBookService
1331;146.5;97;60;GeoCodeService
1332;81.0;98;80;addUpdateUsers
1333;642.5;72;67;ndfdXML
1334;1067.67;63;83;Blast
1335;850.92;88;67;XigniteMaster
1336;579.5;78;67;ArticleService
1337;109.0;96;60;InteropTestHeaders
1338;495.0;97;73;restrictService
1339;307.3;17;42;GatewayWSService
1340;130.2;62;53;Interop
1341;765.5;99;80;WSDLInteropTestDocLitService
1342;151.1;60;67;SoapTest
1343;100.56;99;73;DOTSAddressValidate
1344;109.5;91;83;Overloaded
1345;53.0;83;60;XMLPortalService
1346;563.22;86;73;Servicio_etiquetado
1347;77.43;42;78;FullCongoBuy_servoce
1348;206.0;89;58;chaosService
1349;132.5;90;73;SearchMusicTeachers
1350;309.0;42;83;Ensembl
1351;42.5;72;73;XarayaSoap
1352;230.8;88;73;primersearchService
1353;220.8;90;58;pepwheelService
1354;329.0;98;73;DownloadService
1355;233.4;91;58;pepwindowService
1356;206.5;86;73;DNS
1357;108.0;86;73;ProductActivation
1358;215.91;82;53;AnalysisWSGowlabImplService
1359;320.67;93;73;IT_x0040_Service_x0020_Webservices
1360;315.0;100;83;JgluService
1361;117.58;66;73;DataTypes
1362;210.67;98;73;Service
1363;400.5;56;80;Calculator
1364;127.0;88;73;AccountInfo
1365;275.57;85;53;AnalysisWSAppLabImplService
1366;222.47;97;60;SIMS
1367;40.0;72;73;XarayaSoap
1368;268.0;83;67;SWGCraftAPI
1369;176.0;90;67;default_test
1370;158.0;100;80;SmsApiService
1371;289.0;85;73;ABRXMLPubSub
1372;571.75;46;73;DpsService
1373;485.0;63;67;CountryServiceService
1374;68.0;86;73;COTS
1375;86.0;98;50;GtsInterfacesService
1376;128.5;86;73;PostcodeService
1377;83.31;99;67;SSOws
1378;144.0;85;73;CodeGenerator
1379;124.33;94;73;GoogleSearchService
1380;131.75;90;73;Service1
1381;212.67;88;67;e2gImplementationService
1382;107.0;85;80;InteropTestExtensibilityRequired
1383;337.0;83;60;svcAMBatchService
1384;213.4;98;73;whichdbService
1385;413.33;100;78;tbapi
1386;165.0;83;83;VersionService
1387;225.8;97;73;acdcService
1388;531.0;72;83;SerClsPeticionSOAPTPVPCservice
1389;57.0;91;83;DispatcherAPIService
1390;503.67;63;73;webservice
1391;896.67;63;83;Gtop
1392;43.0;72;73;XarayaSoap
1393;251.8;94;67;fuzzproService
1394;207.67;26;53;FileStoreService
1395;315.0;83;83;getgeoobjects
1396;317.25;78;73;SearchVecerCom
1397;109.0;93;83;EmptySA
1398;204.0;94;73;mwfilterService
1399;217.5;86;73;Weather
1400;173.0;86;73;FindIP
1401;102.0;91;67;BasicAddressMatch
1402;77.5;86;80;AccountManagement
1403;311.8;91;67;tfscanService
1404;1936.5;93;73;ICD9ToICD10
1405;539.0;95;60;EmailVerification
1406;328.67;21;60;AmazonSearchService
1407;193.36;51;67;UniversalThread
1408;247.5;93;73;K4TAirFaresWS
1409;481.67;85;73;GoogleSearchService
1410;1691.75;100;73;FinanceService
1411;276.0;88;73;infoalignService
1412;527.5;72;73;EasyAmazonService
1413;278.0;94;73;showalignService
1414;563.0;80;53;Interop
1415;336.0;88;73;SHUAAIndices
1416;246.4;100;67;oddcompService
1417;390.2;91;58;danService
1418;302.33;53;67;GraypotService
1419;114.58;95;67;A.D.A.M._x002C__x0020_Inc._x0020_-_x0020_Content_x0020_Service
1420;139.0;72;67;MobileSoapServerService
1421;124.67;89;73;ReportService
1422;59.0;88;73;NRA_x0020_ILA_x0020_News_x0020_Syndication
1423;79.0;84;60;Current Homeland Security Threat Level
1424;165.0;100;73;eUtilsService
1425;216.54;87;67;Roll_x0020_Generator_x0020_Web_x0020_Service.
1426;107.45;97;73;DOTSGeoCoder
1427;4845.67;94;73;Api
1428;315.85;90;72;IClientDataservice
1429;175.5;86;73;XmlHttpCheck
1430;3197.14;48;72;CodeGenService
1431;127.5;78;73;SudokuSolverWS
1432;301.0;20;42;SforceService
1433;178.0;86;73;excuses
1434;217.8;90;73;cpgreportService
1435;541.0;91;73;DerniersDecesEPF
1436;184.5;73;73;ServicioRouting
1437;374.25;56;60;IAddressservice
1438;2098.0;86;80;wsDataSet
1439;191.2;96;73;profitService
1440;246.25;70;67;SendContentService
1441;132.17;93;67;XWebSurvey
1442;200.4;97;73;fuzznucService
1443;249.0;56;73;Domain
1444;139.0;83;67;tipsService
1445;212.4;96;73;noreturnService
1446;237.75;98;72;Interop
1447;124.0;91;73;magic
1448;303.8;93;73;descseqService
1449;153.32;97;60;NominaliaWS
1450;310.09;85;53;AnalysisWSAppLabImplService
1451;174.11;60;60;ContactService
1452;115.0;86;73;geographyRequests
1453;314.0;83;73;Departements
1454;178.0;98;83;CheckItOutClassService
1455;64.5;99;73;ImgCutout
1456;267.4;91;67;cpgreportService
1457;218.6;93;73;pepstatsService
1458;344.0;95;73;DownloadService
1459;234.0;97;73;entretService
1460;148.0;72;73;StateCountryService
1461;291.5;89;60;GlobalAddressInteractiveVerification
1462;104.0;99;73;DOTSYellowPages
1463;1668.0;63;67;ItestckvSOAPservice
1464;291.09;84;53;AnalysisWSGowlabImplService
1465;538.0;97;73;LitteratursidenServices
1466;282.6;89;73;vrnaplotService
1467;197.0;88;60;PhoneInteligence2
1468;157.0;93;60;zipinfo
1469;123.0;99;80;WSDLInteropTestDocLitService
1470;635.86;86;80;Glide
1471;180.36;85;73;productPortalWS
1472;3163.2;93;73;Helper
1473;195.54;28;60;MailService
1474;279.74;85;53;AnalysisWSAppLabImplService
1475;168.33;87;73;Servicio_Estadistica
1476;73.5;87;73;ImageService
1477;178.75;56;60;bibiwsImplementationService
1478;1259.33;37;67;VizieRBetaService
1479;256.2;92;58;cpgplotService
1480;146.0;91;67;FindNearbyPOIService
1481;71.16;99;78;GuspmService
1482;456.79;85;60;XigniteEdgar
1483;358.0;83;83;BankValSOAP
1484;173.88;99;73;XmlSelect
1485;421.0;86;73;Calculator
1486;319.2;89;58;SiteFetchService
1487;328.0;89;67;MarketSeg
1488;95.0;96;60;interop2C
1489;963.0;95;58;TWS-DS
1490;146.5;86;73;RetrieveSingleRegistrationManager
1491;298.0;83;83;Calendar
1492;242.5;62;73;ExampleService
1493;180.0;87;73;WSDLInteropTestDocLitService
1494;57.0;86;73;RegisterResearchServices
1495;103.0;93;67;guidissue
1496;204.4;92;73;unionService
1497;1284.0;94;67;BGTBoundaryGeocoder
1498;96.5;86;73;VideoGamesFinder
1499;194.59;95;53;LowRPCService
1500;188.31;100;67;AtcoResDirect
1501;346.5;86;73;LocalTime
1502;150.17;91;73;AddressManager
1503;629.0;92;50;TraceFinder3BPService
1504;69.71;91;67;FileService
1505;996.0;83;83;MAGGIE
1506;136.0;83;83;WhoisService
1507;372.7;91;73;SaraGridService
1508;224.8;98;58;pepwheelService
1509;2987.0;56;60;testService
1510;139.0;89;73;registeronline
1511;213.2;98;58;chargeService
1512;163.0;90;58;DealerLocator
1513;304.8;89;73;matcherService
1514;174.77;56;67;erez2
1515;209.6;92;73;sirnaService
1516;159.5;71;80;timetabling
1517;323.0;83;83;finnwordsService
1518;184.75;92;73;WebSitePulseService
1519;109.0;99;67;Measurement
1520;512.0;93;73;BarCode
1521;252.0;100;58;DistanceService
1522;225.2;93;73;whichdbService
1523;117.0;85;73;locationRouting
1524;171.47;56;67;CRMTeeTimeAPI
1525;238.09;71;53;AnalysisWSGowlabImplService
1526;378.5;34;83;EMEP_SERVER
1527;123.0;91;67;DimeInterop
1528;404.0;83;67;flights
1529;327.13;13;67;otoMotoWebApi
1530;144.0;83;67;QueryWebserviceService
1531;285.14;63;73;DPCWS
1532;252.0;92;80;SendSMSWorld
1533;277.78;86;53;AnalysisWSAppLabImplService
1534;253.33;88;80;PopulationWS
1535;113.0;92;80;HoroscopeService
1536;188.8;99;73;prettyseqService
1537;330.5;65;73;w_invoicereceipt
1538;212.5;100;73;K4TAirSellWS
1539;143.0;99;73;ICD9Drug
1540;121.91;91;67;HR-XML_x0020_Validation_x0020__x0028_2004-08_x0020_release_x0029_
1541;246.0;86;73;Postcode_x0020_Finder
1542;126.4;89;73;UnitConversions
1543;254.0;84;73;WemCarts
1544;38.0;95;73;MathService
1545;107.83;73;83;lu
1546;448.0;83;73;SMART
1547;171.68;38;78;demoService
1548;130.33;94;78;Interop
1549;303.0;83;83;ServicioSuma
1550;4098.0;97;80;HelloService
1551;148.0;94;73;SentencesService
1552;438.0;93;67;XigniteReleases
1553;301.17;85;53;AnalysisWSAppLabImplService
1554;258.5;78;73;countryip
1555;65.0;99;80;Statistics
1556;65.0;67;73;NavFunctions
1557;393.25;78;67;FXWSService
1558;280.6;91;67;pasteseqService
1559;116.33;46;83;DistanceService
1560;37.0;71;73;XarayaSoap
1561;138.68;91;60;ComputeDateTimeSpan
1562;114.0;86;73;GoogleSearchService
1563;188.25;88;58;ChebiWebServiceService
1564;42.7;67;67;LM_GIS
1565;338.74;82;53;AnalysisWSAppLabImplService
1566;4740.76;93;67;wsReqSender
1567;125.5;86;73;MSInfoService
1568;3439.83;66;73;BlastbtService
1569;1918.4;51;83;WaterService
1570;240.25;78;73;Rss_Upload
1571;84.25;90;67;ADQLTranslator
1572;191.0;83;67;wsdl
1573;405.14;91;73;SearchEngine
1574;509.5;86;73;CustomersList
1575;298.2;98;67;prettyseqService
1576;80.4;91;73;CasGroups
1577;221.8;99;58;cpgplotService
1578;251.07;56;73;WebStoreService
1579;632.0;72;78;GetPersonInfoService
1580;374.0;88;67;XigniteGE
1581;374.6;51;73;POCP SOAP Interface
1582;787.47;95;58;CotizadorService
1583;298.0;88;73;DownloadService
1584;363.0;83;73;SZTAKI_Webster
1585;82.0;83;67;ISOcodesSOAP
1586;564.5;97;73;HashClass
1587;472.8;96;58;cirdnaService
1588;348.33;66;80;Service
1589;750.0;83;73;RemoteOnlineReadingWS
1590;134.0;83;78;GroupsFinderService
1591;121.0;87;67;Compound1
1592;190.0;95;73;fuzznucService
1593;300.0;94;73;DownloadService
1594;243.02;90;53;protein_2d_structure__hmomentService
1595;376.64;100;67;Validator
1596;237.33;63;67;Query
1597;303.65;85;53;AnalysisWSAppLabImplService
1598;86.27;55;60;PhoneNotify
1599;226.6;95;73;diffseqService
1600;230.89;79;60;JoeGustavServerService
1601;129.33;95;73;QuoteMachine
1602;338.0;66;80;Service
1603;290.22;85;53;AnalysisWSAppLabImplService
1604;182.0;100;80;Securlogin
1605;67.0;86;73;StockQuoteServiceService
1606;152.56;94;73;Admin
1607;842.33;93;73;CBRFSearchSystem
1608;284.13;84;53;AnalysisWSAppLabImplService
1609;80.0;99;80;Service1
1610;175.0;86;67;Cryptarithm
1611;106.77;12;60;lmapi
1612;200.0;91;80;SerClsWSPasarelaPINPADService
1613;151.6;50;58;executor
1614;257.4;89;73;splitterService
1615;186.0;78;67;AMIWebServiceService
1616;384.4;90;73;fdolpennyService
1617;227.62;8;67;AllegroWebApiService
1618;213.0;96;73;news_xml_service
1619;240.4;88;73;codcmpService
1620;1036.2;87;33;GSXWS
1621;77.0;83;78;SecureLogin
1622;117.0;88;73;GoogleSearchService
1623;101.0;87;73;Translate
1624;206.4;94;58;tmapService
1625;111.08;86;53;ProDA_WebServices
1626;226.0;85;60;EchoStringWSRoutingSvc
1627;205.4;100;73;skipseqService
1628;48.35;10;67;VipWebService
1629;124.67;85;73;Award
1630;113.0;100;73;GoogleSearchService
1631;139.08;65;60;HotelsService
1632;74.0;32;80;JSRMService
1633;156.0;92;60;GeoPointService
1634;181.43;91;73;Photoserver
1635;230.91;99;67;WebAcsWS
1636;83.33;98;80;TNM_Gazetteer_Service
1637;716.0;54;67;KEGG
1638;379.6;89;73;eprimer3Service
1639;1122.0;51;73;SQLDataInterop
1640;42.15;56;60;GIS_CB
1641;208.8;94;73;prettyseqService
1642;114.67;93;73;GoogleSearchService
1643;164.33;95;73;EnvioSMS
1644;135.0;83;80;QualificationWarranty
1645;181.42;85;89;eUtilsService
1646;323.5;56;83;RsomService
1647;341.4;86;58;siggenService
1648;216.0;93;58;EAnalyzer
1649;303.33;73;73;OSSIWS
1650;118.33;91;73;GoogleSearchService
1651;1034.43;32;60;interopLabEchoHeader
1652;38.0;71;73;XarayaSoap
1653;435.33;21;33;PassportService
1654;116.0;99;60;Search
1655;157.0;90;60;DNS
1656;237.36;59;73;ExchangeRates
1657;305.0;83;83;ServicioSuma
1658;1030.67;63;73;GeoCode_Service
1659;2175.17;47;73;HomeWorkService
1660;150.0;56;83;MultipleAlignment
1661;280.8;91;58;findkmService
1662;122.0;63;80;ExchangeRateService
1663;1377.55;88;73;WSWUBlastService
1664;373.08;66;80;Service
1665;211.75;59;67;HBObauprodukte
1666;274.78;85;53;AnalysisWSAppLabImplService
1667;154.0;86;73;PostcodeService
1668;145.0;83;73;showmyip
1669;407.0;9;60;soap4buildwsdl
1670;156.29;93;60;SMSTextMessaging
1671;132.5;95;60;ElectronicDataAssistance
1672;193.0;94;60;USGeocoding
1673;43.12;63;67;CH_CB
1674;198.83;76;73;GeoBrokr
1675;304.44;97;67;TerraService
1676;162.8;51;58;executor
1677;284.95;61;60;Order
1678;333.5;68;73;gcat
1679;219.0;94;73;seqmatchallService
1680;184.0;93;73;Curs
1681;282.0;85;53;AnalysisWSAppLabImplService
1682;415.93;95;67;MapImage
1683;176.0;83;73;NetToolsService
1684;175.5;86;73;CooccurrencesService
1685;156.75;78;73;Conversor
1686;195.0;94;73;SkyNodeWS
1687;277.2;85;73;noreturnService
1688;189.5;94;73;Servicio_saneamiento
1689;176.67;96;60;Hill
1690;143.67;100;60;UKAddressVerification
1691;99.66;97;67;ConferenceService
1692;429.81;26;78;SubscriptionService
1693;142.0;89;73;GoogleSearchService
1694;299.83;85;53;AnalysisWSAppLabImplService
1695;631.0;83;58;TrWSEm
1696;284.0;91;73;K4THotelSellWS
1697;160.64;59;73;ServicioVisualizacion
1698;332.5;71;83;RefSeq
1699;259.6;97;67;cutseqService
1700;158.0;99;60;XMLPortalService
1701;261.6;91;73;newseqService
1702;315.0;100;67;vrnaevalService
1703;162.5;92;73;LeftCollocationFinderService
1704;142.56;60;73;CasUsers
1705;388.25;57;67;PlaceFinderSample
1706;223.67;63;73;hellowsdl2
1707;75.25;56;83;GlimmermService
1708;241.2;100;73;pepstatsService
1709;299.36;99;67;WSUser
1710;300.54;40;60;Lists
1711;159.29;41;60;SimpleTest
1712;144.0;89;80;PopulationWS
1713;179.6;61;78;MessageServerService
1714;155.0;52;42;InteropServiceBService
1715;193.0;83;80;RSSValidator
1716;220.6;96;73;garnierService
1717;257.45;13;60;XmlDemoService
1718;71.54;18;60;AmazonSearchService
1719;311.8;93;58;octanolService
1720;221.0;87;73;entretService
1721;136.25;78;73;WebServices
1722;536.25;56;83;PathwayService
1723;572.0;83;83;BlastDemo
1724;191.83;73;73;ServicioVisualizacion
1725;352.4;55;67;BillingSystemCall
1726;138.5;100;73;DOTSGeoPinPoint
1727;535.0;78;53;AnalysisWSAppLabImplService
1728;242.0;71;73;MorphologicalAnalysis_frontendService
1729;121.0;98;73;RetHeaderService
1730;169.0;83;83;VersionService
1731;38.0;71;67;SCADA_LM
1732;130.52;16;42;SforceService
1733;311.57;63;73;IPS
1734;98.0;85;73;DOTSPhoneAppend
1735;276.5;94;83;CalcAsyncService
1736;144.88;57;67;erez3
1737;106.0;95;73;SMS
1738;185.0;71;67;SplitsTreeImplementationService
1739;242.67;99;73;YourHost
1740;420.33;100;73;AirportDelayService
1741;609.4;91;73;wossnameService
1742;257.8;85;58;tmapService
1743;53.0;83;73;ExceptionCollectionService
1744;97.4;51;42;BuchungService
1745;118.64;80;53;Interop
1746;266.0;97;73;HAPWSClass
1747;183.57;99;73;Tiscali_x0020_Security_x0020_Services
1748;163.0;90;67;ReverseGeocodingService
1749;785.0;83;83;SMSWS
1750;170.0;91;80;SerClsWSConsultaService
1751;361.0;50;67;DisponibilitaOutsourcerService
1752;192.47;26;53;FileStoreService
1753;285.3;69;73;ServicioNomenclator
1754;307.2;93;73;needleService
1755;400.57;16;67;Service2
1756;429.5;100;73;LandmarkService
1757;243.0;89;67;AWSECommerceService
1758;1134.14;62;73;FileService
1759;448.67;65;73;PlaceFinderSample
1760;213.0;91;73;interopDocSvc
1761;2967.0;90;73;BarCode
1762;192.25;89;78;CalcService
1763;392.5;91;73;OHRwurmSearchService
1764;108.8;90;73;DOTSFraudProtection
1765;90.0;97;73;TextGraphic
1766;214.0;88;73;BarCode
1767;111.2;93;67;XigniteOFAC
1768;347.67;47;78;AOSIFWSService
1769;473.0;91;73;Quotes
1770;4232.0;98;73;xfrx
1771;472.6;92;58;epestfindService
1772;284.57;43;73;WDDataService
1773;227.17;90;73;NBPRates
1774;1328.5;56;83;GeneidmapService
1775;329.5;91;73;FlightScheduleService
1776;256.43;90;67;PersonalizationService
1777;165.0;83;73;showmyip_lookup
1778;1521.57;84;73;WSClustalWService
1779;183.0;93;73;RateCalculatorService
1780;323.0;92;80;RNetService_v1
1781;582.85;56;67;SharewareService
1782;139.5;95;73;wsDice
1783;183.0;94;80;SerClsWSPasarelaPINPADService
1784;258.5;72;73;NPOsMedicalPaginalTranslationService
1785;269.0;95;67;megamergerService
1786;491.8;90;73;consService
1787;373.0;94;80;SerClsRecolectaService
1788;418.6;99;73;PTTInfo
1789;229.4;98;73;sixpackService
1790;437.8;90;60;Sisu
1791;322.0;95;73;FlightScheduleAggregatorService
1792;127.2;94;73;SendCustomForm
1793;297.17;86;53;AnalysisWSAppLabImplService
1794;219.8;98;73;domainsweepService
1795;81.5;89;73;ValidationService
1796;233.0;94;58;pepinfoService
1797;158.67;93;73;TMorse
1798;234.8;95;67;patmatdbService
1799;214.67;63;73;wsaTestService
1800;132.0;89;73;AccelerationUnit
1801;1456.67;90;73;CasService
1802;411.4;93;58;pepinfoService
1803;117.5;89;73;USNG
1804;113.0;83;83;EmptySA
1805;125.45;59;73;CasGroups
1806;996.0;84;60;FlickrComment
1807;198.0;96;67;XYToPixelsService
1808;504.6;100;73;tfmService
1809;350.71;63;73;InboxServiceNoHeader
1810;602.0;99;73;FsouOffice2003Service
1811;1734.34;97;67;ERSWebCensusMapService
1812;100.33;87;73;AIMSAddressWebService
1813;277.25;97;73;Localita
1814;1072.75;78;80;s_news
1815;396.6;87;73;seealsoService
1816;137.25;92;73;TwsLoan
1817;221.4;91;73;hetparseService
1818;486.5;99;80;PO
1819;148.5;98;73;GFCore
1820;115.0;87;67;interopLabEchoHeader
1821;1301.33;98;83;PhylogeneticService
1822;386.5;93;73;The_x0020_Dolls_x0020_Gallery_x0020_Store_x0020__x0028_Web_x0020_Service_x0029_
1823;51.67;98;73;TaxData
1824;222.0;97;73;trimestService
1825;112.75;78;73;TempConvert
1826;540.67;75;83;ASPNLexer
1827;485.67;93;67;XigniteMetals
1828;391.6;92;73;extractfeatService
1829;2629.33;88;78;BulportWeatherService
1830;253.2;88;73;domainresoService
1831;156.0;83;67;HouseofDev
1832;60.47;78;67;AWSECommerceService
1833;181.57;99;67;AppointmentServices
1834;57.32;54;67;AreasAndVolumes
1835;386.0;87;73;XPIWS
1836;180.0;92;80;SerClsWSPasarelaPINPADService
1837;297.8;91;73;prophecyService
1838;137.22;96;73;ATMService
1839;514.33;47;73;ContactClean
1840;84.86;87;73;WolframSearchService
1841;384.5;57;67;oemsearchxmle
1842;124.33;96;80;EquipmentData
1843;190.0;83;80;walker_service
1844;247.4;92;67;fuzztranService
1845;188.56;91;73;TVCaboEPG
1846;184.0;96;73;RightNeighboursService
1847;112.0;85;73;WSDLInteropTestListService
1848;215.5;78;73;Hill
1849;228.3;7;67;AllegroWebApiService
1850;845.18;11;67;PartnerServices
1851;236.3;90;53;utils_database_indexing__dbigcgService
1852;285.57;85;53;AnalysisWSAppLabImplService
1853;134.0;83;83;SessionCreateRQService
1854;220.0;95;80;checkVatService
1855;125.0;94;73;RGen
1856;153.44;87;73;GWSRequest
1857;345.0;95;73;embossversionService
1858;119.2;90;73;interop2B
1859;96.0;83;67;paddleService
1860;247.4;98;73;noreturnService
1861;280.5;52;67;Proximity
1862;839.5;56;73;IDEC_GeoServeis
1863;333.0;99;73;DownloadService
1864;80.5;88;73;DEAWebsvcClass
1865;1471.92;61;73;TextToImage
1866;235.17;56;73;MNOAccessService
1867;209.0;94;73;Office
1868;225.75;78;67;HeaderTimeService
1869;98.09;87;67;Phone
1870;419.6;92;73;consService
1871;249.5;91;60;EmailAddressValidator
1872;138.25;98;73;TextAnywhere_SMS
1873;257.0;91;60;GlobalAddressVerification
1874;3111.67;99;67;RadioMallWS
1875;155.75;90;73;LanguageDictionary
1876;314.25;67;73;News
1877;1177.5;98;80;WSDLInteropTestDocLitService
1878;122.27;53;67;CDASWS
1879;203.0;89;73;digestService
1880;500.0;97;73;USWeather
1881;133.62;70;73;MathService
1882;216.27;52;67;GetTradingConditions
1883;158.1;61;73;TwsPLNBUpdate
1884;203.0;87;73;XmlTracking
1885;133.0;92;80;Notas
1886;129.2;86;67;XWebFAQs
1887;91.0;83;78;FaxStatus
1888;1375.0;63;67;ITstSDNCHECKservice
1889;140.0;96;60;FrenchAddressVerification
1890;194.0;72;83;KontoCheckService
1891;391.59;97;83;ResellerService
1892;187.2;96;60;Cesar
1893;221.53;26;67;UserManagement
1894;248.32;89;67;AWSECommerceService
1895;263.0;83;67;SvnAdmin
1896;292.14;85;73;BDEconomicosFinancieros
1897;150.33;90;60;CanadaAddressVerification
1898;946.0;63;73;IDEC_GeoServeis
1899;529.33;66;73;PlaceFinderSample
1900;248.6;89;67;pscanService
1901;226.0;97;73;descseqService
1902;2342.83;75;73;WSEmbossService
1903;266.87;85;53;AnalysisWSAppLabImplService
1904;2187.5;97;80;NAICS
1905;131.67;88;73;GoogleSearchService
1906;113.09;53;60;Round4XSDTest
1907;179.29;44;67;NewsServiceClient
1908;324.0;88;73;tfscanService
1909;846.0;87;73;ICD9
1910;133.75;89;60;MobileTextMessaging
1911;184.5;97;60;StockQuotes
1912;516.67;63;83;sms
1913;132.67;97;73;GoogleSearchService
1914;230.6;97;73;tranalignService
1915;156.0;72;73;LocationByZipService
1916;128.5;97;73;HolidayService
1917;236.2;98;73;equicktandemService
1918;119.0;83;73;ExecutablePackage
1919;322.0;89;73;DownloadService
1920;256.0;91;80;IT_x0040_Service_x0020_Webservices
1921;289.5;70;73;Users
1922;137.0;86;73;HawleyCreditCardValidate
1923;102.2;90;73;SMSMessagingService
1924;265.19;98;67;TerraService
1925;518.8;97;58;lindnaService
1926;254.6;96;73;cathparseService
1927;428.0;74;73;OfficeResearch
1928;230.2;89;73;coderetService
1929;336.0;88;73;wordmatchService
1930;628.0;90;73;engtoarabic
1931;208.6;89;67;vrnainverseService
1932;312.43;88;72;MonsterBusinessGatewayService
1933;397.5;74;60;MailServicePort
1934;185.0;83;80;walker_service
1935;206.4;60;78;ITicTacToeservice
1936;64.64;32;67;merchant-interface-mime
1937;146.43;98;83;eUtilsService
1938;333.4;97;73;tranalignService
1939;464.17;22;60;IXMLWS2service
1940;582.0;72;67;ZELService
1941;576.71;28;67;AmbitServiceService
1942;61.42;80;67;AWSECommerceService
1943;118.33;96;73;GoogleSearchService
1944;78.0;100;80;featureDetails
1945;2326.29;64;73;StartService
1946;126.0;99;73;EmailVerify
1947;782.0;100;80;updater
1948;171.0;67;73;Wordml2latexService
1949;303.0;91;78;ISecretaryXMLBrokerservice
1950;271.25;78;73;Amortization
1951;65.0;83;78;SecureLogin
1952;401.62;61;73;SmsGate2
1953;469.0;98;67;XigniteArchive
1954;155.83;92;73;AddressFinder
1955;198.8;99;73;newseqService
1956;1196.0;83;78;forward
1957;169.0;83;80;SearchCuroCustomerService
1958;274.0;99;73;codecoloring_service
1959;248.6;91;73;ehmmemitService
1960;634.4;92;80;IMSIVORY
1961;92.59;91;72;PdsSoap
1962;117.0;91;73;FraudLabsWebService
1963;197.07;26;53;ReviewRequestManager
1964;267.8;99;73;fconsenseService
1965;139.2;40;60;Lists
1966;131.0;19;67;RenderService
1967;159.62;34;78;IntegrationService
1968;253.0;86;73;ConcertWebService
1969;249.0;85;83;SoapingService
1970;2808.33;87;73;DataTypes
1971;106.0;86;73;SkyNodeWS
1972;140.0;86;73;XmlDailyFact
1973;1817.0;71;73;wsDomainDoctor
1974;443.4;95;67;fpromlkService
1975;241.8;94;73;msbarService
1976;355.0;85;50;hmomentService
1977;267.0;94;58;bananaService
1978;305.7;86;53;AnalysisWSAppLabImplService
1979;246.43;85;53;AnalysisWSAppLabImplService
1980;261.0;100;73;twofeatService
1981;230.48;82;53;AnalysisWSGowlabImplService
1982;220.6;93;73;seqmatchallService
1983;1422.0;90;73;WSBlastpgpService
1984;356.96;85;53;AnalysisWSAppLabImplService
1985;277.6;93;50;pepwindowService
1986;246.53;88;53;nucleic_cpg_islands__newcpgseekService
1987;147.0;94;89;eUtilsService
1988;227.2;86;73;wordcountService
1989;375.78;83;53;AnalysisWSAppLabImplService
1990;1510.33;82;73;WSMafftService
1991;329.13;85;53;AnalysisWSAppLabImplService
1992;1347.91;88;73;WSWUBlastService
1993;277.35;86;53;AnalysisWSAppLabImplService
1994;258.2;91;58;dotpathService
1995;251.8;93;50;tcodeService
1996;223.6;92;73;fuzztranService
1997;144.29;76;60;WSDBFetchServerLegacyService
1998;287.04;84;53;AnalysisWSAppLabImplService
1999;300.61;85;53;AnalysisWSAppLabImplService
2000;221.0;99;73;trimestService
2001;268.2;91;67;biosedService
2002;275.8;100;67;est2genomeService
2003;266.8;92;58;plotorfService
2004;163.0;83;73;eFetchService
2005;276.6;93;73;fuzzproService
2006;250.0;92;73;est2genomeService
2007;299.0;85;53;AnalysisWSAppLabImplService
2008;271.0;93;73;ftreedistService
2009;383.25;94;73;whatizit
2010;280.39;86;53;AnalysisWSAppLabImplService
2011;262.0;85;73;maskseqService
2012;232.2;87;73;equicktandemService
2013;132.18;13;33;msd_soap_service
2014;244.2;85;67;sigscanService
2015;249.2;92;67;tranalignService
2016;275.87;85;53;AnalysisWSAppLabImplService
2017;218.2;93;73;domainsweepService
2018;194.8;92;73;degapseqService
2019;263.8;94;50;bananaService
2020;265.0;93;67;seqmatchallService
2021;262.8;85;67;newcpgseekService
2022;277.96;85;53;AnalysisWSAppLabImplService
2023;303.74;85;53;AnalysisWSAppLabImplService
2024;225.0;100;58;pepnetService
2025;324.8;86;73;restoverService
2026;347.2;85;58;plotconService
2027;342.43;85;53;AnalysisWSAppLabImplService
2028;402.0;92;58;prettyplotService
2029;234.2;94;73;geeceeService
2030;359.61;85;53;AnalysisWSAppLabImplService
2031;283.0;71;53;AnalysisWSAppLabImplService
2032;713.2;99;58;abiviewService
2033;259.4;85;67;emowseService
2034;260.6;94;67;degapseqService
2035;277.0;86;73;frestdistService
2036;330.2;85;67;fdnacompService
2037;271.4;92;73;roconService
2038;300.8;86;73;caiService
2039;393.35;86;53;AnalysisWSAppLabImplService
2040;287.26;86;53;AnalysisWSAppLabImplService
2041;401.2;92;73;fdollopService
2042;404.0;93;67;fseqbootService
2043;243.6;85;73;helixturnhelixService
2044;489.8;94;73;mwcontamService
2045;270.2;86;73;ehmmfetchService
2046;265.0;85;67;remapService
2047;447.4;86;73;showseqService
2048;406.0;86;73;fpennyService
2049;334.43;84;53;AnalysisWSAppLabImplService
2050;302.3;85;53;AnalysisWSAppLabImplService
2051;463.6;94;73;cuspService
2052;251.4;93;67;pepcoilService
2053;347.0;95;67;ememeService
2054;294.04;85;53;AnalysisWSAppLabImplService
2055;283.17;84;53;AnalysisWSAppLabImplService
2056;437.8;95;73;needleService
2057;325.6;86;73;sirnaService
2058;232.2;85;73;twodsweepService
2059;242.0;87;73;psiphiService
2060;273.2;86;58;isochoreService
2061;260.6;93;67;prophetService
2062;251.4;87;58;tcodeService
2063;255.4;94;67;sigcleaveService
2064;3288.0;18;67;MiriamProviderService
2065;267.43;86;53;AnalysisWSAppLabImplService
2066;328.0;94;73;listorService
2067;386.0;96;67;prophecyService
2068;1075.2;90;73;wossnameService
2069;257.2;87;58;wobbleService
2070;293.09;86;53;AnalysisWSAppLabImplService
2071;270.4;87;67;wordcountService
2072;308.0;85;53;AnalysisWSAppLabImplService
2073;2324.27;93;60;pbx
2074;164.0;100;73;GetOrderInfo
2075;434.67;69;73;MESAClaimsService
2076;579.58;98;60;eBayAPIInterfaceService
2077;335.3;85;53;AnalysisWSAppLabImplService
2078;315.72;92;72;PDCWebService
2079;231.6;96;73;est2genomeService
2080;2262.33;63;73;GeoCode_Service
2081;237.8;97;73;profitService
2082;359.13;85;53;AnalysisWSAppLabImplService
2083;64.28;80;67;AWSECommerceService
2084;236.0;83;89;codeService
2085;490.23;88;60;XigniteChart
2086;159.5;98;73;BSXMLAddressSearch
2087;161.0;100;73;RightNeighboursService
2088;365.5;61;73;TheHolyBible
2089;105.43;87;73;MyAmazonPlus
2090;1275.25;56;67;KpiReport
2091;239.6;92;73;ServicioOnix
2092;232.83;46;78;SesameService
2093;789.0;84;67;PrixElementPrestaServiceProxy
2094;248.0;95;73;UpsValidation
2095;235.25;94;73;WSDLInteropTestDocLitService
2096;268.11;96;67;zbozi
2097;183.28;57;67;CRA_clima_GSRad
2098;141.25;59;53;PropertyInformation
2099;125.88;69;73;ImgCutout
2100;859.0;92;73;WebSearchWS
2101;217.05;91;67;AWSECommerceService
2102;478.5;99;42;RepositoryInformation
2103;155.0;72;89;marketService
2104;1336.75;47;67;Webservices.nl
2105;223.5;86;73;Tools
2106;66.0;83;73;SOAPReceive
2107;432.0;86;80;Glide
2108;853.6;88;60;ConfigEditingService
2109;349.22;36;73;Dispenser
2110;215.2;56;60;ILohn2004service
2111;344.82;59;67;ContactServiceNoHeader
2112;217.2;90;58;iepService
2113;133.67;92;73;GoogleSearchService
2114;2150.0;83;73;RandomGoogleSearchService
2115;201.4;87;73;seqretService
2116;219.2;94;73;revseqService
2117;68.88;17;60;AmazonSearchService
2118;69.71;89;80;ProductInfo
2119;3273.75;84;73;OTNDeptEmp
2120;149.46;93;67;EcMSoapBridgeService
2121;176.25;89;80;WSDLInteropTestDocLitService
2122;69.33;95;67;BlogService
2123;61.42;79;67;AWSECommerceService
2124;100.14;92;80;pinger
2125;227.0;83;50;AddressBookService
2126;88.0;83;89;learn
2127;365.5;79;73;SearchDnevnikSi
2128;133.04;17;42;SforceService
2129;180.59;95;67;erez3
2130;193.33;94;83;ClusterfastaService
2131;111.0;96;58;UpdateService
2132;115.0;97;73;GoogleSearchService
2133;451.0;64;60;NamespaceManager
2134;116.0;98;67;XigniteNote
2135;257.67;88;67;RNAhybridImplementationService
2136;150.91;86;67;Main
2137;1674.0;55;67;TargetServiceBinding
2138;283.0;87;60;etrayService
2139;181.7;34;73;AAIService
2140;62.75;56;83;MulttestService
2141;438.78;89;67;XigniteMetals
2142;349.58;66;80;Service
2143;256.96;85;53;AnalysisWSAppLabImplService
2144;118.0;92;58;Compound2
2145;237.5;72;78;Wsession
2146;241.2;99;58;pepwindowallService
2147;352.0;83;73;NRA_x0020_ILA_x0020_News_x0020_and_x0020_Updates_x0020_Syndication
2148;327.0;72;67;ndfdXML
2149;512.25;92;80;ExchangeRates
2150;486.0;94;73;TaricCZ
2151;238.4;95;73;einvertedService
2152;2911.29;17;67;Service
2153;261.2;90;50;freakService
2154;370.25;67;73;Service
2155;146.0;63;73;Footprinting
2156;296.57;85;53;AnalysisWSAppLabImplService
2157;154.5;100;73;FrequenciesService
2158;69.0;83;78;SecureLogin
2159;221.0;87;73;UpdatePerson
2160;102.5;96;80;ccydemo
2161;438.0;98;73;WebService
2162;135.0;83;67;echoService
2163;70.75;56;83;GeneidmapService
2164;299.2;100;67;infoalignService
2165;112.33;86;73;ASPFAQs
2166;153.0;96;73;SdssCutout
2167;251.5;86;67;jobsService
2168;122.0;39;33;InteropServiceAService
2169;157.5;46;73;Euro42
2170;164.8;90;73;SoapTest
2171;1418.2;80;73;WSDaliLiteService
2172;251.8;100;73;vrnadistanceService
2173;423.17;86;60;XigniteRealTime
2174;665.5;85;73;rt_info
2175;313.6;92;58;polydotService
2176;84.0;91;73;Service1
2177;231.4;99;73;biosedService
2178;105.56;92;73;DOTSAddressValidate
2179;136.0;56;50;UpdateService
2180;144.83;91;67;DimeInterop
2181;120.0;85;83;EmptySA
2182;665.67;63;89;QuranService
2183;793.17;48;67;DirSrvService
2184;101.33;63;73;WS4lsqlService
2185;269.5;86;73;InstantOrder
2186;210.6;88;73;biosedService
2187;199.2;87;67;Tiscali_x0020_UMS_x0020_Accounting_x0020_Services
2188;166.0;89;80;WSDLInteropTestDocLitService
2189;112.0;83;83;BNQuoteService
2190;141.5;93;50;Service
2191;146.33;100;73;GoogleSearchService
2192;220.75;56;58;WhiteMesaSoap12AddTestSvc
2193;282.43;85;73;CreditCardValidator
2194;146.8;93;73;SmsService
2195;234.4;98;67;newcpgreportService
2196;134.0;97;73;WSDLInteropTestListService
2197;171.0;83;83;LittServiceService
2198;143.25;79;73;CustomFieldResponseWS
2199;78.0;100;67;CogoService
2200;202.17;46;73;toi-wetter
2201;960.29;32;60;interopLabEchoHeader
2202;321.71;86;73;clover
2203;1212.2;90;60;Schedule
2204;214.0;67;73;AddressVerifier
2205;280.17;85;53;AnalysisWSAppLabImplService
2206;484.5;79;73;DailyDilbert
2207;529.0;95;73;IAAUtilities
2208;687.0;94;73;registration
2209;221.11;43;73;MNOAccessService
2210;223.6;95;73;splitterService
2211;82.0;72;67;GeocodeService
2212;174.5;99;80;TNM_Elevation_Service
2213;341.0;100;73;DownloadService
2214;222.4;94;73;maskfeatService
2215;1939.79;35;67;InteropDef
2216;255.0;86;83;ExPtLinkSampleService
2217;206.0;98;67;SendSmsService
2218;230.4;100;58;dotpathService
2219;236.6;94;73;prophetService
2220;314.5;96;73;ServiceCategory
2221;300.5;72;83;SPS
2222;192.67;63;42;RetsinfoService
2223;252.33;100;50;ServiceTransfert
2224;131.38;99;60;MainService
2225;145.0;85;73;GoogleSearchService
2226;399.75;56;67;L9C_BC
2227;603.54;31;78;XWeb1003Port
2228;803.0;83;83;Test Response Service
2229;223.2;89;73;sigcleaveService
2230;121.2;55;50;Service
2231;151.0;89;60;FrenchAddressVerification
2232;192.0;91;60;PhoneNumberEnhancement
2233;102.0;90;67;TaxData
2234;500.75;56;73;EchoHeadersService
2235;196.0;83;83;GetOwamp
2236;229.4;99;73;twofeatService
2237;141.0;92;73;DOTSNameWizard
2238;244.17;99;80;JIPComuniService
2239;943.5;77;73;getGeoInfo
2240;130.67;100;73;GoogleSearchService
2241;1400.0;78;73;WSKalignService
2242;121.15;88;67;AWSECommerceService
2243;1840.0;90;73;Statistics
2244;143.65;19;60;AmazonSearchService
2245;272.3;35;73;SearchService
2246;141.5;93;67;Compound1
2247;260.69;78;67;HotelFunctionsService
2248;243.0;88;73;diffseqService
2249;379.0;63;73;OTNHelloWorld
2250;208.6;88;73;pscanService
2251;308.5;56;83;Fasta
2252;254.4;98;67;listorService
2253;1516.67;91;73;WSFastaService
2254;397.0;88;60;SIMPS
2255;148.33;92;73;Inbound
2256;387.0;83;83;ServicioSuma
2257;100.0;94;73;FlightInformation
2258;214.75;57;67;PlaceFinder
2259;508.94;96;67;TerraService
2260;490.0;98;73;IT_x0040_Service_x0020_Webservices
2261;114.0;97;73;UserService
2262;857.0;83;73;CounterDeleteInformationWS
2263;765.0;99;73;SnowReport
2264;241.0;100;83;InterTranService
2265;307.6;94;67;showalignService
2266;198.0;96;73;SendEmailService
2267;366.0;88;73;ITranslateSvc
2268;105.6;100;73;DOTSEmailValidate
2269;368.5;85;67;WebServiceAuthenticator
2270;136.86;87;67;XWebBlog
2271;353.17;66;80;Service
2272;481.33;88;67;XigniteDataSet
2273;86.75;94;73;SdssFields
2274;84.71;18;72;InTouchService
2275;162.0;100;73;ServiceOverviewService
2276;86.5;57;67;com.starwood.corona.apps.wdc.AirKiosk
2277;246.4;87;73;backtranseqService
2278;2967.75;56;83;PimlService
2279;104.6;89;73;DOTSCrypto
2280;251.38;70;67;AccountEventHandler
2281;102.5;89;80;ccydemo
2282;491.0;91;73;LandmarkService
2283;70.62;18;60;AmazonSearchService
2284;48.15;60;60;DGV_SCADA
2285;368.0;61;53;Climate Data
2286;134.75;96;80;WSDLInteropTestDocLitService
2287;181.36;98;73;ManageLoginsAndRanges
2288;219.0;97;80;checkVatService
2289;379.5;88;73;FlightRouteService
2290;234.6;50;83;Guthrie
2291;152.07;95;53;EdgarInformation
2292;190.17;73;73;ServicioGeocodificacion
2293;564.0;83;89;imageConvert
2294;287.07;94;67;Public
2295;276.0;99;80;IT_x0040_Service_x0020_Webservices
2296;492.13;88;60;XigniteVWAP
2297;179.5;98;80;iMobilWS
2298;1442.86;87;73;WSMaxsproutService
2299;151.85;12;53;Registre
2300;128.8;98;73;VTServiceProxy
2301;160.67;73;73;rshare
2302;232.0;85;78;PegsTourService
2303;261.62;21;53;SABLEModelServerRPCService
2304;199.0;94;73;sample
2305;76.88;92;60;CasJobs
2306;231.8;87;73;cpgreportService
2307;423.0;63;73;GeocodeService
2308;351.0;83;83;Directory
2309;133.0;83;73;BlogReaderService
2310;95.0;83;73;SOAPReceive
2311;135.25;78;73;AccountServices
2312;1042.17;82;73;WSInterProScanService
2313;133.67;96;73;WSDLInteropTestDocLitParameters
2314;224.2;95;73;getorfService
2315;1859.64;96;60;Service
2316;234.0;87;67;racer
2317;380.83;91;73;Northwind
2318;357.57;28;67;AccountInfo
2319;471.5;56;73;FindService
2320;678.5;86;67;VSOiService
2321;204.0;86;73;DataSetService
2322;174.67;85;58;GetSubjectElement
2323;177.0;100;73;GoogleSearchService
2324;201.5;99;73;periodictable
2325;414.0;86;73;ClientInformation
2326;227.4;89;73;palindromeService
2327;975.9;59;67;ScheduleFileWebService
2328;627.0;83;78;SoapResponder
2329;231.2;95;73;marscanService
2330;163.25;87;73;BirdwellMusicServices
2331;320.8;69;73;ServicioNomenclator
2332;234.12;70;73;World_x0020_Time_x0020_Service
2333;203.5;86;58;EnumFetchService
2334;164.0;94;73;Context
2335;108.0;83;83;TemperatureService
2336;181.5;71;67;AccountService
2337;585.4;51;73;SQLDataInterop
2338;141.33;94;73;GoogleSearchService
2339;194.17;73;73;Service
2340;130.5;86;73;SportingGoodsFinder
2341;173.0;100;73;WSCitationImplService
2342;315.0;91;73;vectorstripService
2343;119.0;72;80;FileTransferService
2344;112.77;91;60;Service1
2345;142.5;92;73;DOTSNameWizard
2346;211.0;83;67;wsdl
2347;256.6;99;67;splitterService
2348;1664.62;42;83;ARSA
2349;2697.14;89;67;wsReqSender
2350;174.5;72;83;B2BXMLOrders
2351;177.0;88;73;K4TAirReservationsWS
2352;234.0;87;73;HOSTSupplierContainerRunService
2353;191.33;95;73;ExternalCAP
2354;264.0;94;73;EMSFlightMonitorService
2355;103.4;85;73;DOTSFastTax
2356;205.12;100;67;wsRegistriCertificati
2357;420.67;63;80;hellowsdl3
2358;107.4;85;73;DOTSGeoPhone
2359;127.33;100;73;GoogleSearchService
2360;325.3;86;53;AnalysisWSAppLabImplService
2361;361.33;63;83;sms
2362;546.33;98;73;Teletekst
2363;340.2;97;67;supermatcherService
2364;97.73;97;60;BlueLMSWS
2365;226.58;90;67;AWSECommerceService
2366;164.0;86;73;AustralianPostCode
2367;177.5;94;67;UserService
2368;322.65;95;60;XigniteSecurity
2369;227.8;100;73;notseqService
2370;446.0;98;60;XigniteFunds
2371;134.83;99;58;DimeInterop
2372;111.5;72;73;GetInfoByNameService
2373;604.33;63;67;BankServiceService
2374;1733.09;97;73;SmsTransfer
2375;134.33;97;73;GoogleSearchService
2376;166.43;65;80;TimeService
2377;278.0;97;73;weasel
2378;168.0;83;78;IDutchservice
2379;137.33;61;73;WebStoreAdminService
2380;243.07;89;53;edit__descseqService
2381;424.83;46;73;ServerExampleService
2382;324.5;95;73;SeikaCodePublish
2383;122.73;94;73;SkyNodeWS
2384;125.33;94;73;GoogleSearchService
2385;111.67;85;73;GoogleSearchService
2386;133.0;100;60;QueryServiceService
2387;114.25;92;80;WSDLInteropTestDocLitService
2388;329.7;85;53;AnalysisWSAppLabImplService
2389;133.5;90;73;Pickup
2390;124.0;92;73;GoogleSearchService
2391;2252.0;83;73;kalendar
2392;271.6;97;67;PaSSAPI
2393;287.36;89;73;BibShareSearchEngine
2394;122.0;98;73;PeReverseAniService
2395;151.5;90;67;CaribbeanT
2396;300.2;89;73;ehmmcalibrateService
2397;112.5;86;73;FpMLConversion
2398;64.4;95;73;SMSMessagingService
2399;300.96;85;53;AnalysisWSAppLabImplService
2400;200.6;56;67;WebSystemService
2401;298.2;85;73;supermatcherService
2402;525.5;94;67;NetworkNode
2403;142.17;46;73;Celsius42
2404;128.75;70;73;MathService
2405;165.0;92;89;eUtilsService
2406;233.5;68;73;CheckAuthorizationService
2407;3567.0;93;80;TWebService1
2408;200.2;92;73;protsweepService
2409;223.4;100;73;showfeatService
2410;64.0;93;80;categoryfeatures
2411;64.75;57;67;FaxMessagingService
2412;251.0;86;73;CupScores
2413;107.0;91;83;EmptySA
2414;292.7;85;53;AnalysisWSAppLabImplService
2415;222.0;92;58;pepwindowService
2416;406.25;91;73;devCadastro
2417;563.5;90;72;gmews
2418;878.5;67;73;SumibiConvertService
2419;837.0;72;67;ndfdXML
2420;1512.25;78;73;WSScanPSService
2421;190.33;75;67;Gameshop
2422;150.25;78;73;StateDemo
2423;157.2;90;73;GBSCTHolidayService
2424;114.83;89;73;Shipment
2425;568.6;54;67;Query
2426;110.0;83;67;HashProviderService
2427;494.8;97;73;emmaService
2428;202.04;97;60;DocApi
2429;252.59;57;67;StockQuotes
2430;439.4;88;73;eprimer3Service
2431;280.7;85;53;AnalysisWSAppLabImplService
2432;46.0;72;73;XarayaSoap
2433;296.0;74;73;XfccBasic
2434;311.0;83;60;remoteQuery
2435;289.75;39;78;CUCTransaction
2436;266.4;95;73;newcpgreportService
2437;220.2;87;73;pepcoilService
2438;1479.0;96;73;BEP
2439;396.4;88;73;emastService
2440;546.4;91;73;wossnameService
2441;413.0;83;78;sbp
2442;168.17;93;73;Html2XmlServices
2443;517.0;83;83;EmptySA
2444;96.0;83;73;Batch_Transfer
2445;252.0;93;67;backtranambigService
2446;253.83;13;67;OnlineMessenger
2447;141.0;100;73;GoogleSearchService
2448;503.0;16;67;Service
2449;287.0;90;60;ForecastServiceImplService
2450;207.69;89;53;Exchanges
2451;770.6;98;60;eBayAPIInterfaceService
2452;309.2;96;73;waterService
2453;140.64;94;73;SkyNodeWS
2454;225.87;25;67;sdm25
2455;146.0;93;67;GetBestMapDefinitionService
2456;116.0;87;60;CanadaAddressVerification
2457;149.75;78;80;BBWS
2458;109.5;94;73;LogServices
2459;176.33;92;83;EbiService
2460;184.67;88;73;PlaceFinder
2461;49.5;85;67;DataGeneration
2462;1084.5;85;58;TWS-DR
2463;461.5;39;80;TCrossPlatformSoapService
2464;222.6;85;73;emowseService
2465;84.0;91;67;BasicAddressMatch
2466;74.5;92;73;DensityMap
2467;259.0;56;67;SeqnaviSoapApiService
2468;182.25;67;67;RenderServer3D
2469;269.38;99;67;TerraService
2470;101.84;14;60;ODWS
2471;200.0;78;73;InstantOrder
2472;330.2;99;73;showdbService
2473;790.2;91;78;ECPAMT
2474;194.6;90;58;bananaService
2475;86.4;89;73;SendCustomForm
2476;105.67;91;60;IndianAddressVerification
2477;513.5;27;33;DocumentManager
2478;131.0;97;60;ResidentialLookup
2479;113.5;96;60;ZacksSummary
2480;89.0;83;73;SortNumbers
2481;98.0;87;67;CPP_SCORE_REQUEST
2482;211.0;43;53;scavenger_hunt
2483;321.4;88;73;seealsoService
2484;124.38;87;73;SmartPayments
2485;112.81;24;67;TerraService
2486;202.4;85;73;digestService
2487;303.1;34;73;ExperimentWebService
2488;175.75;78;73;CustomerService
2489;1818.64;62;73;SMS_Service
2490;83.12;90;73;OpcXmlDaSrv
2491;83.0;92;73;SendCustomForm
2492;111.2;91;50;IDV
2493;894.5;56;83;Authentication
2494;70.23;17;60;AmazonSearchService
2495;783.0;63;73;IDEC_GeoServeis
2496;132.86;28;78;Chemistry
2497;196.33;87;53;XigniteRates
2498;128.06;62;73;KBBEWebService
2499;1845.5;72;83;CountryService
2500;58.21;62;67;AWSECommerceService
2501;2555.0;83;73;validateAddress_Service
2502;200.8;93;73;garnierService
2503;56.17;97;83;AWSAlexa
2504;93.93;80;67;interop2
2505;106.75;86;80;SailboatCalcsWS
2506;316.5;72;80;Slash/SOAP/Test
